"data","represa","nivel","vabs","vrel","vmax","afluente","descarregada","tunel"
"2015-01-15","PN",754.14,30.19,9.2,329.37,5.31,9.45,-1
"2015-01-15","P",761.62,9.90,27.0,36.73,0.65,1.24,8.80
"2015-01-15","B",749.67,2.08,4.3,48.42,0.27,0.12,9.71
"2015-01-15","J",748.47,0.44,0.6,74.09,9.81,0.05,10.79
"2015-01-15","T",742.19,20.04,23.5,85.20,10.92,0.10,-1
"2015-01-16","PN",754.08,29.58,9.0,329.37,6.56,9.45,-1
"2015-01-16","P",761.59,9.83,26.8,36.73,0.36,1.24,8.91
"2015-01-16","B",749.67,2.08,4.3,48.42,0.86,0.12,9.65
"2015-01-16","J",748.46,0.35,0.5,74.09,9.71,0.05,10.69
"2015-01-16","T",742.19,20.04,23.5,85.20,10.49,0.10,-1
"2015-01-17","PN",754.02,28.98,8.8,329.37,6.61,9.45,-1
"2015-01-17","P",761.56,9.75,26.5,36.73,0.18,1.05,8.80
"2015-01-17","B",749.66,2.05,4.2,48.42,0.53,0.12,9.59
"2015-01-17","J",748.46,0.35,0.5,74.09,9.64,0.50,9.14
"2015-01-17","T",742.18,19.95,23.4,85.20,9.41,0.10,-1
"2015-01-18","PN",753.96,28.38,8.6,329.37,6.67,9.45,-1
"2015-01-18","P",761.54,9.70,26.4,36.73,0.47,1.05,8.80
"2015-01-18","B",749.64,1.98,4.1,48.42,0.11,0.12,9.55
"2015-01-18","J",748.46,0.35,0.5,74.09,9.60,0.50,9.10
"2015-01-18","T",742.16,19.76,23.2,85.20,9.41,0.10,-1
"2015-01-19","PN",753.91,27.88,8.5,329.37,7.57,9.15,-1
"2015-01-19","P",761.51,9.62,26.2,36.73,0.18,1.05,8.68
"2015-01-19","B",749.62,1.92,4.0,48.42,0.12,0.12,9.43
"2015-01-19","J",748.47,0.44,0.6,74.09,9.48,0.05,8.40
"2015-01-19","T",742.14,19.58,23.0,85.20,9.47,0.10,-1
"2015-01-20","PN",753.84,27.19,8.3,329.37,5.33,9.15,-1
"2015-01-20","P",761.48,9.55,26.0,36.73,0.18,1.05,8.68
"2015-01-20","B",749.61,1.88,3.9,48.42,0.09,0.12,9.03
"2015-01-20","J",748.48,0.53,0.7,74.09,9.08,0.05,8.00
"2015-01-20","T",742.11,19.30,22.6,85.20,8.34,0.10,-1
"2015-01-21","PN",753.78,26.60,8.1,329.37,6.53,9.15,-1
"2015-01-21","P",761.46,9.50,25.9,36.73,0.47,1.05,8.80
"2015-01-21","B",749.59,1.82,3.8,48.42,0.09,0.12,9.52
"2015-01-21","J",748.48,0.53,0.7,74.09,9.65,0.05,9.60
"2015-01-21","T",742.10,19.20,22.5,85.20,10.12,0.10,-1
"2015-01-22","PN",753.85,27.28,8.3,329.37,21.27,9.15,-1
"2015-01-22","P",761.43,9.43,25.7,36.73,0.19,1.05,8.00
"2015-01-22","B",749.56,1.72,3.6,48.42,0.10,0.12,9.10
"2015-01-22","J",748.49,0.62,0.8,74.09,9.28,0.05,8.20
"2015-01-22","T",742.08,19.02,22.3,85.20,8.57,0.10,-1
"2015-01-23","PN",753.98,28.58,8.7,329.37,28.28,9.15,-1
"2015-01-23","P",761.41,9.38,25.5,36.73,0.48,1.05,8.65
"2015-01-23","B",749.53,1.63,3.4,48.42,0.11,0.12,9.75
"2015-01-23","J",748.51,0.80,1.1,74.09,10.12,0.05,8.00
"2015-01-23","T",742.07,18.93,22.2,85.20,9.00,0.10,-1
"2015-01-24","PN",754.01,28.88,8.8,329.37,15.75,8.08,-1
"2015-01-24","P",761.41,9.38,25.5,36.73,1.05,1.05,9.00
"2015-01-24","B",749.52,1.59,3.3,48.42,0.50,0.12,9.75
"2015-01-24","J",748.53,0.98,1.3,74.09,10.41,0.05,8.29
"2015-01-24","T",742.06,18.84,22.1,85.20,9.00,0.10,-1
"2015-01-25","PN",753.99,28.68,8.7,329.37,9.94,8.08,-1
"2015-01-25","P",761.39,9.33,25.4,36.73,0.48,1.05,8.90
"2015-01-25","B",749.52,1.59,3.3,48.42,0.92,0.12,9.70
"2015-01-25","J",748.54,1.07,1.4,74.09,9.98,0.05,8.89
"2015-01-25","T",742.05,18.74,22.0,85.20,9.00,0.10,-1
"2015-01-26","PN",753.95,28.28,8.6,329.37,7.64,8.08,-1
"2015-01-26","P",761.37,9.28,25.3,36.73,0.48,1.05,8.80
"2015-01-26","B",749.52,1.59,3.3,48.42,1.04,0.12,9.72
"2015-01-26","J",748.55,1.16,1.6,74.09,9.83,0.50,8.29
"2015-01-26","T",742.04,18.65,21.9,85.20,9.43,0.10,-1
"2015-01-27","PN",753.92,27.98,8.5,329.37,8.81,8.08,-1
"2015-01-27","P",761.36,9.25,25.2,36.73,0.77,1.05,8.91
"2015-01-27","B",749.55,1.69,3.5,48.42,2.13,0.12,9.81
"2015-01-27","J",748.61,1.70,2.3,74.09,15.03,0.05,8.71
"2015-01-27","T",742.06,18.84,22.1,85.20,12.07,0.10,-1
"2015-01-28","PN",753.90,27.78,8.4,329.37,6.91,5.02,-1
"2015-01-28","P",761.34,9.20,25.1,36.73,0.48,1.05,9.61
"2015-01-28","B",749.57,1.75,3.6,48.42,1.81,0.12,10.56
"2015-01-28","J",748.71,2.61,3.5,74.09,19.76,0.50,8.71
"2015-01-28","T",742.13,19.48,22.9,85.20,17.51,0.10,-1
"2015-01-29","PN",753.88,27.58,8.4,329.37,6.91,5.02,-1
"2015-01-29","P",761.35,9.23,25.1,36.73,1.33,1.05,8.80
"2015-01-29","B",749.56,1.72,3.6,48.42,0.69,0.12,9.74
"2015-01-29","J",748.74,2.89,3.9,74.09,11.24,0.05,8.00
"2015-01-29","T",742.16,19.76,23.2,85.20,14.53,0.10,-1
"2015-01-30","PN",753.85,27.28,8.3,329.37,5.78,5.02,-1
"2015-01-30","P",761.33,9.18,25.0,36.73,0.48,1.05,8.68
"2015-01-30","B",749.55,1.69,3.5,48.42,0.65,0.12,9.58
"2015-01-30","J",748.76,3.07,4.1,74.09,10.18,0.05,8.00
"2015-01-30","T",742.17,19.86,23.3,85.20,11.80,0.10,-1
"2015-01-31","PN",753.90,27.78,8.4,329.37,14.92,5.02,-1
"2015-01-31","P",761.32,9.16,24.9,36.73,0.77,1.05,8.70
"2015-01-31","B",749.55,1.69,3.5,48.42,1.05,0.12,9.63
"2015-01-31","J",748.78,3.26,4.4,74.09,10.75,0.05,8.56
"2015-01-31","T",742.17,19.86,23.3,85.20,10.72,0.10,-1
"2015-02-01","PN",754.04,29.18,8.9,329.37,28.47,8.16,-1
"2015-02-01","P",761.31,9.13,24.9,36.73,0.77,1.05,8.00
"2015-02-01","B",749.53,1.63,3.4,48.42,0.28,0.12,8.90
"2015-02-01","J",748.79,3.35,4.5,74.09,9.12,0.05,8.00
"2015-02-01","T",742.17,19.86,23.3,85.20,10.72,0.10,-1
"2015-02-02","PN",754.04,29.18,8.9,329.37,12.18,8.08,-1
"2015-02-02","P",761.31,9.13,24.9,36.73,1.05,1.05,7.99
"2015-02-02","B",749.53,1.63,3.4,48.42,0.92,0.12,8.90
"2015-02-02","J",748.80,3.44,4.6,74.09,9.12,0.05,8.00
"2015-02-02","T",742.17,19.86,23.3,85.20,9.51,0.10,-1
"2015-02-03","PN",754.05,29.28,8.9,329.37,13.35,8.08,-1
"2015-02-03","P",761.33,9.18,25.0,36.73,1.62,1.05,8.10
"2015-02-03","B",749.57,1.75,3.6,48.42,2.51,0.12,9.00
"2015-02-03","J",748.82,3.63,4.9,74.09,9.20,0.05,7.00
"2015-02-03","T",742.14,19.58,23.0,85.20,7.49,0.10,-1
"2015-02-04","PN",754.03,29.03,8.8,329.37,9.26,8.08,-1
"2015-02-04","P",761.35,9.22,25.1,36.73,1.47,1.05,8.80
"2015-02-04","B",749.56,1.72,3.6,48.42,0.67,0.12,9.72
"2015-02-04","J",748.84,3.86,5.2,74.09,9.89,0.05,7.20
"2015-02-04","T",742.11,19.30,22.6,85.20,8.07,0.10,-1
"2015-02-05","PN",754.02,28.98,8.8,329.37,8.81,9.12,-1
"2015-02-05","P",761.40,9.35,25.5,36.73,2.93,1.37,9.38
"2015-02-05","B",749.55,1.69,3.5,48.42,0.40,0.12,10.03
"2015-02-05","J",748.87,4.10,5.5,74.09,10.41,0.05,7.60
"2015-02-05","T",742.08,19.02,22.3,85.20,8.18,0.10,-1
"2015-02-06","PN",754.01,28.88,8.8,329.37,9.52,8.08,-1
"2015-02-06","P",761.48,9.55,26.0,36.73,3.69,1.40,9.61
"2015-02-06","B",749.64,1.98,4.1,48.42,4.14,0.12,10.26
"2015-02-06","J",749.02,5.51,7.4,74.09,23.43,0.05,7.00
"2015-02-06","T",742.22,20.33,23.9,85.20,24.66,0.10,-1
"2015-02-07","PN",753.99,28.68,8.7,329.37,8.95,8.08,-1
"2015-02-07","P",761.50,9.60,26.1,36.73,2.03,1.45,10.07
"2015-02-07","B",749.77,2.41,5.0,48.42,5.83,0.12,10.82
"2015-02-07","J",749.21,7.34,9.9,74.09,26.21,0.05,5.00
"2015-02-07","T",742.32,21.27,25.0,85.20,21.05,0.10,-1
"2015-02-08","PN",753.98,28.58,8.7,329.37,7.50,5.87,-1
"2015-02-08","P",761.51,9.62,26.2,36.73,1.74,1.45,9.50
"2015-02-08","B",749.86,2.71,5.6,48.42,4.51,0.12,10.40
"2015-02-08","J",749.30,8.22,11.1,74.09,15.24,0.05,5.00
"2015-02-08","T",742.38,21.85,25.6,85.20,16.96,0.10,-1
"2015-02-09","PN",753.97,28.48,8.6,329.37,8.89,5.87,-1
"2015-02-09","P",761.52,9.65,26.3,36.73,1.63,1.34,9.03
"2015-02-09","B",749.90,2.85,5.9,48.42,2.69,0.12,10.03
"2015-02-09","J",749.36,8.81,11.9,74.09,11.90,0.05,5.00
"2015-02-09","T",742.42,22.24,26.1,85.20,15.26,0.10,-1
"2015-02-10","PN",753.95,28.28,8.6,329.37,4.45,5.87,-1
"2015-02-10","P",761.53,9.67,26.3,36.73,1.63,1.34,9.03
"2015-02-10","B",749.92,2.91,6.0,48.42,1.88,0.12,10.00
"2015-02-10","J",749.44,9.61,13.0,74.09,12.78,0.05,3.53
"2015-02-10","T",742.42,22.24,26.1,85.20,10.38,0.10,-1
"2015-02-11","PN",753.91,27.88,8.5,329.37,4.57,5.87,-1
"2015-02-11","P",761.54,9.70,26.4,36.73,1.63,1.34,9.03
"2015-02-11","B",749.96,3.05,6.3,48.42,2.70,0.12,10.03
"2015-02-11","J",749.57,10.91,14.7,74.09,18.71,0.05,3.53
"2015-02-11","T",742.47,22.73,26.7,85.20,16.02,0.10,-1
"2015-02-12","PN",753.89,27.68,8.4,329.37,2.34,4.64,-1
"2015-02-12","P",761.52,9.65,26.3,36.73,0.76,1.34,9.03
"2015-02-12","B",749.98,3.12,6.4,48.42,1.96,0.12,10.07
"2015-02-12","J",749.67,11.93,16.1,74.09,15.36,0.05,3.53
"2015-02-12","T",742.54,23.41,27.5,85.20,18.51,0.10,-1
"2015-02-13","PN",753.87,27.48,8.3,329.37,3.62,4.64,-1
"2015-02-13","P",761.52,9.65,26.3,36.73,1.34,1.34,8.91
"2015-02-13","B",750.01,3.22,6.7,48.42,2.37,0.12,9.96
"2015-02-13","J",749.74,12.65,17.1,74.09,12.53,0.05,4.16
"2015-02-13","T",742.54,23.41,27.5,85.20,10.82,0.10,-1
"2015-02-14","PN",753.90,27.78,8.4,329.37,9.61,4.64,-1
"2015-02-14","P",761.53,9.67,26.3,36.73,1.63,1.34,9.50
"2015-02-14","B",750.07,3.43,7.1,48.42,3.63,0.12,10.60
"2015-02-14","J",749.89,14.21,19.2,74.09,22.26,0.05,4.16
"2015-02-14","T",742.56,23.61,27.7,85.20,13.96,0.10,-1
"2015-02-15","PN",753.90,27.78,8.4,329.37,4.64,4.64,-1
"2015-02-15","P",761.52,9.65,26.3,36.73,1.05,1.34,6.13
"2015-02-15","B",750.13,3.64,7.5,48.42,4.46,0.12,8.03
"2015-02-15","J",750.01,15.47,20.9,74.09,18.86,0.05,4.16
"2015-02-15","T",742.63,24.31,28.5,85.20,20.93,0.10,-1
"2015-02-16","PN",753.93,28.08,8.5,329.37,6.16,2.71,-1
"2015-02-16","P",761.55,9.72,26.5,36.73,2.21,1.34,8.68
"2015-02-16","B",750.19,3.85,8.0,48.42,3.98,0.12,10.08
"2015-02-16","J",750.13,16.76,22.6,74.09,19.04,0.05,4.16
"2015-02-16","T",742.73,25.32,29.7,85.20,23.16,0.10,-1
"2015-02-17","PN",753.97,28.48,8.6,329.37,9.87,1.29,-1
"2015-02-17","P",761.63,9.93,27.0,36.73,3.35,1.01,9.03
"2015-02-17","B",750.27,4.14,8.6,48.42,4.64,0.12,10.23
"2015-02-17","J",750.24,17.94,24.2,74.09,18.32,0.05,4.52
"2015-02-17","T",742.86,26.65,31.3,85.20,26.21,0.10,-1
"2015-02-18","PN",754.07,29.48,9.0,329.37,18.06,1.29,-1
"2015-02-18","P",761.77,10.28,28.0,36.73,5.15,1.01,8.50
"2015-02-18","B",750.44,4.76,9.8,48.42,8.80,0.12,10.00
"2015-02-18","J",750.51,20.92,28.2,74.09,38.98,0.05,4.52
"2015-02-18","T",743.00,28.11,33.0,85.20,28.09,0.10,-1
"2015-02-19","PN",754.14,30.19,9.2,329.37,8.95,0.70,-1
"2015-02-19","P",761.91,10.65,29.0,36.73,4.53,0.32,8.80
"2015-02-19","B",750.61,5.40,11.2,48.42,8.69,0.12,10.00
"2015-02-19","J",750.67,22.72,30.7,74.09,24.79,0.05,3.91
"2015-02-19","T",743.17,29.92,35.1,85.20,32.30,0.10,-1
"2015-02-20","PN",754.18,30.60,9.3,329.37,11.48,2.46,-1
"2015-02-20","P",762.02,10.94,29.8,36.73,3.68,0.32,9.03
"2015-02-20","B",750.74,5.90,12.2,48.42,7.09,0.12,10.23
"2015-02-20","J",750.76,23.74,32.0,74.09,15.82,0.05,3.91
"2015-02-20","T",743.24,30.68,36.0,85.20,19.81,0.10,-1
"2015-02-21","PN",754.19,30.71,9.3,329.37,6.67,2.62,-1
"2015-02-21","P",762.11,11.18,30.4,36.73,3.10,0.32,9.03
"2015-02-21","B",750.79,6.09,12.6,48.42,3.41,0.12,10.07
"2015-02-21","J",750.84,24.66,33.3,74.09,14.51,0.05,3.83
"2015-02-21","T",743.26,30.90,36.3,85.20,13.86,0.10,-1
"2015-02-22","PN",754.20,30.81,9.4,329.37,6.05,2.62,-1
"2015-02-22","P",762.18,11.37,31.0,36.73,2.41,0.23,9.38
"2015-02-22","B",750.82,6.21,12.8,48.42,2.45,0.12,10.35
"2015-02-22","J",750.90,25.35,34.2,74.09,11.90,0.05,3.83
"2015-02-22","T",743.26,30.90,36.3,85.20,11.34,0.10,-1
"2015-02-23","PN",754.20,30.81,9.4,329.37,4.29,2.62,-1
"2015-02-23","P",762.22,11.48,31.2,36.73,1.49,0.23,9.03
"2015-02-23","B",750.82,6.21,12.8,48.42,1.12,0.12,10.03
"2015-02-23","J",750.96,26.05,35.2,74.09,12.07,0.05,3.95
"2015-02-23","T",743.23,30.57,35.9,85.20,9.34,0.10,-1
"2015-02-24","PN",754.18,30.60,9.3,329.37,3.29,4.82,-1
"2015-02-24","P",762.21,11.45,31.2,36.73,1.26,1.57,5.80
"2015-02-24","B",750.83,6.25,12.9,48.42,2.47,0.12,7.70
"2015-02-24","J",750.99,26.40,35.6,74.09,8.05,0.05,3.95
"2015-02-24","T",743.20,30.25,35.5,85.20,7.78,0.10,-1
"2015-02-25","PN",754.15,30.30,9.2,329.37,3.53,7.09,-1
"2015-02-25","P",762.19,11.40,31.0,36.73,0.94,1.57,5.67
"2015-02-25","B",750.84,6.29,13.0,48.42,2.57,0.12,7.67
"2015-02-25","J",751.03,26.87,36.3,74.09,9.53,0.05,4.06
"2015-02-25","T",743.18,30.03,35.2,85.20,8.85,0.10,-1
"2015-02-26","PN",754.13,30.09,9.1,329.37,5.60,8.85,-1
"2015-02-26","P",762.19,11.40,31.0,36.73,1.57,1.57,6.02
"2015-02-26","B",750.84,6.29,13.0,48.42,1.82,0.12,7.72
"2015-02-26","J",751.08,27.46,37.1,74.09,10.91,0.05,4.06
"2015-02-26","T",743.17,29.92,35.1,85.20,10.25,0.10,-1
"2015-02-27","PN",754.10,29.79,9.0,329.37,4.75,8.96,-1
"2015-02-27","P",762.18,11.37,31.0,36.73,1.26,1.57,6.83
"2015-02-27","B",750.89,6.48,13.4,48.42,2.40,0.12,6.83
"2015-02-27","J",751.10,27.69,37.4,74.09,6.84,0.05,4.06
"2015-02-27","T",743.16,29.82,35.0,85.20,10.02,0.10,-1
"2015-02-28","PN",754.06,29.38,8.9,329.37,3.55,8.96,-1
"2015-02-28","P",762.16,11.31,30.8,36.73,0.94,1.57,7.75
"2015-02-28","B",750.92,6.60,13.6,48.42,1.50,0.12,7.75
"2015-02-28","J",751.14,28.16,38.0,74.09,9.58,0.05,4.06
"2015-02-28","T",743.14,29.60,34.7,85.20,9.30,0.10,-1
"2015-03-01","PN",754.11,29.89,9.1,329.37,7.62,8.96,-1
"2015-03-01","P",762.19,11.40,31.0,36.73,2.51,1.57,8.80
"2015-03-01","B",751.00,6.92,14.3,48.42,3.82,0.12,8.80
"2015-03-01","J",751.22,29.12,39.3,74.09,15.12,0.05,4.06
"2015-03-01","T",743.12,29.39,34.5,85.20,9.56,0.10,-1
"2015-03-02","PN",754.14,30.19,9.2,329.37,16.82,5.02,-1
"2015-03-02","P",762.18,11.37,31.0,36.73,1.26,1.57,5.56
"2015-03-02","B",751.06,7.17,14.8,48.42,2.93,0.12,5.56
"2015-03-02","J",751.28,29.83,40.3,74.09,12.62,0.05,4.26
"2015-03-02","T",743.10,29.17,34.2,85.20,9.22,0.10,-1
"2015-03-03","PN",754.13,30.09,9.1,329.37,5.01,3.50,-1
"2015-03-03","P",762.17,11.34,30.9,36.73,1.26,1.57,8.91
"2015-03-03","B",751.11,7.37,15.2,48.42,2.48,0.12,8.91
"2015-03-03","J",751.32,30.31,40.9,74.09,9.88,0.05,4.26
"2015-03-03","T",743.10,29.17,34.2,85.20,11.22,0.10,-1
"2015-03-04","PN",754.10,29.79,9.0,329.37,5.79,7.81,-1
"2015-03-04","P",762.17,11.34,30.9,36.73,1.57,1.57,9.03
"2015-03-04","B",751.15,7.53,15.6,48.42,2.02,0.12,9.03
"2015-03-04","J",751.37,30.92,41.7,74.09,11.30,0.05,4.26
"2015-03-04","T",743.08,28.96,34.0,85.20,10.08,0.10,-1
"2015-03-05","PN",754.05,29.28,8.9,329.37,4.14,8.96,-1
"2015-03-05","P",762.15,11.29,30.7,36.73,0.94,1.57,8.80
"2015-03-05","B",751.17,7.62,15.7,48.42,1.07,0.12,8.80
"2015-03-05","J",751.41,31.40,42.4,74.09,10.00,0.05,4.34
"2015-03-05","T",743.07,28.85,33.9,85.20,10.63,0.10,-1
"2015-03-06","PN",754.01,28.88,8.8,329.37,5.25,8.96,-1
"2015-03-06","P",762.13,11.23,30.6,36.73,0.95,1.57,4.17
"2015-03-06","B",751.20,7.74,16.0,48.42,1.56,0.12,4.17
"2015-03-06","J",751.41,31.40,42.4,74.09,4.39,0.05,4.34
"2015-03-06","T",743.02,28.32,33.2,85.20,5.86,0.10,-1
"2015-03-07","PN",753.99,28.68,8.7,329.37,4.40,5.70,-1
"2015-03-07","P",762.13,11.23,30.6,36.73,1.57,1.57,8.56
"2015-03-07","B",751.24,7.91,16.3,48.42,2.04,0.12,8.56
"2015-03-07","J",751.47,32.13,43.4,74.09,13.01,0.05,4.51
"2015-03-07","T",743.00,28.11,33.0,85.20,9.49,0.10,-1
"2015-03-08","PN",753.99,28.68,8.7,329.37,5.57,4.36,-1
"2015-03-08","P",762.12,11.21,30.5,36.73,1.26,1.57,8.68
"2015-03-08","B",751.33,8.28,17.1,48.42,4.49,0.12,8.68
"2015-03-08","J",751.56,33.24,44.9,74.09,17.88,0.05,5.06
"2015-03-08","T",743.01,28.22,33.1,85.20,12.98,0.10,-1
"2015-03-09","PN",754.00,28.78,8.7,329.37,6.64,4.36,-1
"2015-03-09","P",762.16,11.31,30.8,36.73,2.82,1.57,8.45
"2015-03-09","B",751.39,8.54,17.6,48.42,3.07,0.12,8.45
"2015-03-09","J",751.73,35.34,47.7,74.09,29.50,0.05,5.06
"2015-03-09","T",743.09,29.07,34.1,85.20,21.20,0.10,-1
"2015-03-10","PN",754.01,28.88,8.8,329.37,6.55,3.07,-1
"2015-03-10","P",762.20,11.42,31.1,36.73,2.82,1.57,8.22
"2015-03-10","B",751.47,8.88,18.3,48.42,4.09,0.12,8.22
"2015-03-10","J",751.75,35.64,48.1,74.09,9.32,0.05,5.80
"2015-03-10","T",743.14,29.60,34.7,85.20,17.34,0.10,-1
"2015-03-11","PN",754.02,28.98,8.8,329.37,6.86,2.89,-1
"2015-03-11","P",762.25,11.56,31.5,36.73,3.14,1.57,8.22
"2015-03-11","B",751.53,9.14,18.9,48.42,3.13,0.12,8.22
"2015-03-11","J",751.79,36.09,48.7,74.09,11.07,0.05,5.80
"2015-03-11","T",743.18,30.03,35.2,85.20,16.57,0.10,-1
"2015-03-12","PN",754.02,28.98,8.8,329.37,4.43,2.89,-1
"2015-03-12","P",762.28,11.64,31.7,36.73,2.52,1.57,8.68
"2015-03-12","B",751.58,9.36,19.3,48.42,2.64,0.12,8.68
"2015-03-12","J",751.87,37.10,50.1,74.09,15.43,0.05,3.72
"2015-03-12","T",743.18,30.03,35.2,85.20,11.74,0.10,-1
"2015-03-13","PN",754.00,28.78,8.7,329.37,3.83,6.16,-1
"2015-03-13","P",762.29,11.67,31.8,36.73,1.89,1.57,8.70
"2015-03-13","B",751.64,9.62,19.9,48.42,3.17,0.12,8.70
"2015-03-13","J",751.93,37.86,51.1,74.09,11.96,0.05,3.11
"2015-03-13","T",743.18,30.03,35.2,85.20,9.80,0.10,-1
"2015-03-14","PN",754.00,28.78,8.7,329.37,10.20,6.16,-1
"2015-03-14","P",762.30,11.70,31.8,36.73,1.89,1.57,8.80
"2015-03-14","B",751.78,10.25,21.2,48.42,7.35,0.12,8.80
"2015-03-14","J",752.04,39.27,53.0,74.09,19.74,0.05,3.44
"2015-03-14","T",743.25,30.79,36.1,85.20,20.44,0.10,-1
"2015-03-15","PN",753.99,28.68,8.7,329.37,6.89,4.27,-1
"2015-03-15","P",762.30,11.70,31.8,36.73,1.57,1.57,8.91
"2015-03-15","B",751.88,10.70,22.1,48.42,5.37,0.12,8.91
"2015-03-15","J",752.14,40.56,54.7,74.09,18.40,0.05,3.44
"2015-03-15","T",743.32,31.56,37.0,85.20,20.88,0.10,-1
"2015-03-16","PN",753.98,28.58,8.7,329.37,3.87,4.27,-1
"2015-03-16","P",762.29,11.67,31.8,36.73,1.25,1.57,9.03
"2015-03-16","B",751.95,11.02,22.8,48.42,3.84,0.12,9.03
"2015-03-16","J",752.24,41.85,56.5,74.09,18.40,0.05,3.32
"2015-03-16","T",743.36,32.00,37.6,85.20,17.32,0.10,-1
"2015-03-17","PN",753.97,28.48,8.6,329.37,3.11,4.27,-1
"2015-03-17","P",762.30,11.70,31.8,36.73,1.89,1.57,8.45
"2015-03-17","B",752.00,11.25,23.2,48.42,2.80,0.12,8.45
"2015-03-17","J",752.30,42.64,57.5,74.09,12.39,0.05,3.26
"2015-03-17","T",743.39,32.33,37.9,85.20,15.96,0.10,-1
"2015-03-18","PN",753.96,28.38,8.6,329.37,3.96,4.27,-1
"2015-03-18","P",762.30,11.70,31.8,36.73,1.57,1.57,8.91
"2015-03-18","B",752.04,11.44,23.6,48.42,2.28,0.12,8.91
"2015-03-18","J",752.35,43.30,58.4,74.09,10.87,0.05,3.22
"2015-03-18","T",743.39,32.33,37.9,85.20,11.78,0.10,-1
"2015-03-19","PN",753.95,28.28,8.6,329.37,3.11,4.27,-1
"2015-03-19","P",762.30,11.70,31.8,36.73,1.57,1.57,8.80
"2015-03-19","B",752.07,11.58,23.9,48.42,1.75,0.12,8.80
"2015-03-19","J",752.41,44.09,59.5,74.09,12.43,0.05,3.22
"2015-03-19","T",743.36,32.00,37.6,85.20,7.87,0.10,-1
"2015-03-20","PN",753.95,28.28,8.6,329.37,6.16,6.16,-1
"2015-03-20","P",762.30,11.70,31.8,36.73,1.57,1.57,8.56
"2015-03-20","B",752.11,11.77,24.3,48.42,2.30,0.12,8.56
"2015-03-20","J",752.47,44.88,60.6,74.09,12.48,0.05,3.22
"2015-03-20","T",743.35,31.89,37.4,85.20,8.88,0.10,-1
"2015-03-21","PN",753.92,27.98,8.5,329.37,2.70,6.16,-1
"2015-03-21","P",762.29,11.67,31.8,36.73,1.25,1.57,8.68
"2015-03-21","B",752.13,11.86,24.5,48.42,1.21,0.12,8.68
"2015-03-21","J",752.52,45.55,61.5,74.09,10.98,0.05,3.22
"2015-03-21","T",743.34,31.78,37.3,85.20,10.74,0.10,-1
"2015-03-22","PN",753.90,27.78,8.4,329.37,3.86,6.16,-1
"2015-03-22","P",762.29,11.67,31.8,36.73,1.57,1.57,8.68
"2015-03-22","B",752.18,12.10,25.0,48.42,2.87,0.12,8.68
"2015-03-22","J",752.60,46.62,62.9,74.09,15.67,0.05,3.22
"2015-03-22","T",743.35,31.89,37.4,85.20,12.56,0.10,-1
"2015-03-23","PN",753.92,27.98,8.5,329.37,5.69,6.16,-1
"2015-03-23","P",762.33,11.78,32.1,36.73,2.84,1.57,8.45
"2015-03-23","B",752.24,12.39,25.6,48.42,3.44,0.12,8.45
"2015-03-23","J",752.66,47.43,64.0,74.09,12.80,0.05,3.40
"2015-03-23","T",743.34,31.78,37.3,85.20,11.10,0.10,-1
"2015-03-24","PN",753.94,28.18,8.6,329.37,4.20,1.90,-1
"2015-03-24","P",762.33,11.78,32.1,36.73,1.57,1.57,8.80
"2015-03-24","B",752.28,12.58,26.0,48.42,2.35,0.12,8.80
"2015-03-24","J",752.71,48.10,64.9,74.09,9.82,0.05,1.94
"2015-03-24","T",743.32,31.56,37.0,85.20,9.21,0.10,-1
"2015-03-25","PN",753.96,28.38,8.6,329.37,6.63,1.90,-1
"2015-03-25","P",762.33,11.78,32.1,36.73,1.57,1.57,7.29
"2015-03-25","B",752.31,12.72,26.3,48.42,1.80,0.12,7.29
"2015-03-25","J",752.76,48.78,65.8,74.09,10.41,0.05,2.50
"2015-03-25","T",743.28,31.12,36.5,85.20,7.45,0.10,-1
"2015-03-26","PN",753.93,28.08,8.5,329.37,2.70,6.16,-1
"2015-03-26","P",762.32,11.75,32.0,36.73,1.25,1.57,7.06
"2015-03-26","B",752.33,12.82,26.5,48.42,1.24,0.12,7.06
"2015-03-26","J",752.79,49.19,66.4,74.09,7.28,0.05,2.50
"2015-03-26","T",743.22,30.47,35.8,85.20,5.41,0.10,-1
"2015-03-27","PN",753.90,27.78,8.4,329.37,2.71,6.16,-1
"2015-03-27","P",762.30,11.70,31.8,36.73,0.93,1.57,6.83
"2015-03-27","B",752.35,12.92,26.7,48.42,1.25,0.12,6.83
"2015-03-27","J",752.82,49.60,66.9,74.09,7.41,0.05,2.62
"2015-03-27","T",743.18,30.03,35.2,85.20,7.52,0.10,-1
"2015-03-28","PN",753.87,27.48,8.3,329.37,2.73,6.16,-1
"2015-03-28","P",762.28,11.64,31.7,36.73,0.94,1.57,7.64
"2015-03-28","B",752.37,13.02,26.9,48.42,1.25,0.12,7.64
"2015-03-28","J",752.85,50.01,67.5,74.09,7.75,0.05,2.95
"2015-03-28","T",743.13,29.49,34.6,85.20,6.45,0.10,-1
"2015-03-29","PN",753.84,27.19,8.3,329.37,2.74,6.16,-1
"2015-03-29","P",762.28,11.64,31.7,36.73,1.57,1.57,7.52
"2015-03-29","B",752.39,13.11,27.1,48.42,1.25,0.12,7.52
"2015-03-29","J",752.88,50.42,68.1,74.09,7.71,0.05,2.90
"2015-03-29","T",743.09,29.07,34.1,85.20,7.90,0.10,-1
"2015-03-30","PN",753.81,26.89,8.2,329.37,2.75,6.16,-1
"2015-03-30","P",762.26,11.60,31.6,36.73,1.09,1.57,7.52
"2015-03-30","B",752.41,13.23,27.3,48.42,1.48,0.12,7.52
"2015-03-30","J",752.91,50.89,68.7,74.09,8.16,0.05,2.70
"2015-03-30","T",743.03,28.43,33.4,85.20,4.69,0.10,-1
"2015-03-31","PN",753.78,26.60,8.1,329.37,2.77,6.16,-1
"2015-03-31","P",762.23,11.50,31.3,36.73,0.46,1.57,7.75
"2015-03-31","B",752.43,13.31,27.5,48.42,1.03,0.12,7.75
"2015-03-31","J",752.95,51.39,69.4,74.09,8.50,0.05,2.70
"2015-03-31","T",743.00,28.11,33.0,85.20,8.73,0.10,-1
"2015-04-01","PN",753.74,26.21,8.0,329.37,3.00,7.50,-1
"2015-04-01","P",762.21,11.45,31.2,36.73,0.94,1.57,7.52
"2015-04-01","B",752.44,13.36,27.6,48.42,0.69,0.12,7.52
"2015-04-01","J",752.98,51.80,69.9,74.09,7.55,0.05,2.70
"2015-04-01","T",742.94,27.48,32.3,85.20,4.89,0.10,-1
"2015-04-02","PN",753.70,25.82,7.8,329.37,3.02,7.50,-1
"2015-04-02","P",762.18,11.37,31.0,36.73,0.63,1.57,6.94
"2015-04-02","B",752.46,13.46,27.8,48.42,1.26,0.12,6.94
"2015-04-02","J",753.02,52.36,70.7,74.09,9.19,0.05,2.72
"2015-04-02","T",742.88,26.86,31.5,85.20,5.03,0.10,-1
"2015-04-03","PN",753.67,25.53,7.8,329.37,3.11,6.45,-1
"2015-04-03","P",762.15,11.29,30.7,36.73,0.99,1.93,7.64
"2015-04-03","B",752.47,13.51,27.9,48.42,0.69,0.12,7.64
"2015-04-03","J",753.05,52.84,71.3,74.09,8.40,0.05,2.72
"2015-04-03","T",742.81,26.13,30.7,85.20,3.86,0.10,-1
"2015-04-04","PN",753.63,25.19,7.6,329.37,2.26,6.25,-1
"2015-04-04","P",762.10,11.15,30.4,36.73,0.51,2.07,7.75
"2015-04-04","B",752.48,13.56,28.0,48.42,0.69,0.12,7.75
"2015-04-04","J",753.09,53.33,72.0,74.09,8.40,0.05,2.70
"2015-04-04","T",742.74,25.42,29.8,85.20,4.15,0.10,-1
"2015-04-05","PN",753.60,24.91,7.6,329.37,1.82,5.02,-1
"2015-04-05","P",762.06,11.05,30.1,36.73,0.83,2.07,7.41
"2015-04-05","B",752.50,13.66,28.2,48.42,1.27,0.12,7.41
"2015-04-05","J",753.12,53.75,72.5,74.09,7.62,0.05,2.72
"2015-04-05","T",742.68,24.76,29.1,85.20,4.79,0.10,-1
"2015-04-06","PN",753.57,24.58,7.5,329.37,1.17,5.02,-1
"2015-04-06","P",762.01,10.91,29.7,36.73,0.53,2.07,7.64
"2015-04-06","B",752.51,13.71,28.3,48.42,0.70,0.12,7.64
"2015-04-06","J",753.16,54.31,73.3,74.09,9.38,0.05,2.84
"2015-04-06","T",742.63,24.31,28.5,85.20,6.76,0.10,-1
"2015-04-07","PN",753.55,24.39,7.4,329.37,2.83,5.02,-1
"2015-04-07","P",762.00,10.89,29.6,36.73,1.76,2.07,7.41
"2015-04-07","B",752.53,13.81,28.5,48.42,1.27,0.12,7.41
"2015-04-07","J",753.19,54.73,73.9,74.09,9.74,0.05,4.81
"2015-04-07","T",742.58,23.81,27.9,85.20,6.14,0.10,-1
"2015-04-08","PN",753.60,24.82,7.5,329.37,9.96,5.02,-1
"2015-04-08","P",761.97,10.81,29.4,36.73,1.59,2.51,7.52
"2015-04-08","B",752.55,13.91,28.7,48.42,1.28,0.12,7.52
"2015-04-08","J",753.22,55.16,74.4,74.09,9.71,0.05,4.77
"2015-04-08","T",742.53,23.32,27.4,85.20,5.82,0.10,-1
"2015-04-09","PN",753.60,24.86,7.5,329.37,5.57,5.02,-1
"2015-04-09","P",761.89,10.60,28.9,36.73,0.08,2.51,7.41
"2015-04-09","B",752.58,14.06,29.0,48.42,1.86,0.12,7.41
"2015-04-09","J",753.24,55.44,74.8,74.09,8.09,0.05,4.77
"2015-04-09","T",742.48,22.82,26.8,85.20,5.40,0.10,-1
"2015-04-10","PN",753.58,24.67,7.5,329.37,2.82,5.02,-1
"2015-04-10","P",761.82,10.41,28.4,36.73,0.40,2.51,7.52
"2015-04-10","B",752.61,14.21,29.3,48.42,1.87,0.12,7.52
"2015-04-10","J",753.26,55.72,75.2,74.09,9.34,0.05,6.02
"2015-04-10","T",742.44,22.43,26.3,85.20,8.19,0.10,-1
"2015-04-11","PN",753.55,24.39,7.4,329.37,1.73,5.02,-1
"2015-04-11","P",761.78,10.31,28.1,36.73,0.87,2.07,7.06
"2015-04-11","B",752.62,14.26,29.5,48.42,0.70,0.12,7.06
"2015-04-11","J",753.30,56.29,76.0,74.09,12.63,0.05,6.02
"2015-04-11","T",742.39,21.95,25.8,85.20,6.78,0.10,-1
"2015-04-12","PN",753.52,24.11,7.3,329.37,1.75,5.02,-1
"2015-04-12","P",761.73,10.18,27.7,36.73,0.58,2.07,7.41
"2015-04-12","B",752.64,14.36,29.7,48.42,1.29,0.12,7.41
"2015-04-12","J",753.31,56.43,76.2,74.09,7.71,0.05,6.02
"2015-04-12","T",742.34,21.47,25.2,85.20,7.20,0.10,-1
"2015-04-13","PN",753.49,23.83,7.2,329.37,1.76,5.02,-1
"2015-04-13","P",761.70,10.11,27.5,36.73,1.14,2.03,7.18
"2015-04-13","B",752.65,14.41,29.8,48.42,0.71,0.12,7.18
"2015-04-13","J",753.33,56.64,76.4,74.09,8.54,0.05,6.02
"2015-04-13","T",742.29,20.99,24.6,85.20,6.98,0.10,-1
"2015-04-14","PN",753.45,23.40,7.1,329.37,3.14,8.00,-1
"2015-04-14","P",761.65,9.98,27.2,36.73,0.55,2.03,7.41
"2015-04-14","B",752.66,14.46,29.9,48.42,0.71,0.12,7.41
"2015-04-14","J",753.33,56.71,76.5,74.09,8.87,0.05,8.00
"2015-04-14","T",742.25,20.61,24.2,85.20,8.47,0.10,-1
"2015-04-15","PN",753.42,23.17,7.0,329.37,2.33,5.02,-1
"2015-04-15","P",761.60,9.85,26.8,36.73,0.56,2.03,6.94
"2015-04-15","B",752.67,14.51,30.0,48.42,0.71,0.12,6.94
"2015-04-15","J",753.34,56.86,76.7,74.09,9.70,0.05,8.00
"2015-04-15","T",742.22,20.33,23.9,85.20,8.34,0.10,-1
"2015-04-16","PN",753.44,23.36,7.1,329.37,6.63,5.02,-1
"2015-04-16","P",761.57,9.78,26.6,36.73,1.15,2.03,7.41
"2015-04-16","B",752.75,14.92,30.8,48.42,4.86,0.12,7.41
"2015-04-16","J",753.41,57.85,78.1,74.09,21.53,0.05,9.92
"2015-04-16","T",742.26,20.70,24.3,85.20,16.98,0.10,-1
"2015-04-17","PN",753.43,23.27,7.1,329.37,2.42,3.50,-1
"2015-04-17","P",761.54,9.70,26.4,36.73,1.16,2.03,8.45
"2015-04-17","B",752.81,15.23,31.5,48.42,3.71,0.12,8.45
"2015-04-17","J",753.42,58.00,78.3,74.09,11.36,0.05,9.65
"2015-04-17","T",742.27,20.80,24.4,85.20,12.85,0.10,-1
"2015-04-18","PN",753.41,23.08,7.0,329.37,1.38,3.53,-1
"2015-04-18","P",761.52,9.65,26.3,36.73,1.45,2.03,8.45
"2015-04-18","B",752.85,15.44,31.9,48.42,2.53,0.12,8.45
"2015-04-18","J",753.43,58.14,78.5,74.09,12.05,0.05,10.34
"2015-04-18","T",742.27,20.80,24.4,85.20,11.81,0.10,-1
"2015-04-19","PN",753.40,22.99,7.0,329.37,2.46,3.53,-1
"2015-04-19","P",761.50,9.60,26.1,36.73,1.45,2.03,7.87
"2015-04-19","B",752.88,15.60,32.2,48.42,1.93,0.12,7.87
"2015-04-19","J",753.43,58.14,78.5,74.09,10.39,0.05,10.34
"2015-04-19","T",742.27,20.80,24.4,85.20,12.29,0.10,-1
"2015-04-20","PN",753.42,23.17,7.0,329.37,5.67,3.53,-1
"2015-04-20","P",761.48,9.55,26.0,36.73,1.45,2.03,7.87
"2015-04-20","B",752.92,15.81,32.6,48.42,2.55,0.12,7.87
"2015-04-20","J",753.45,58.43,78.9,74.09,13.71,0.05,10.34
"2015-04-20","T",742.28,20.89,24.5,85.20,13.41,0.10,-1
"2015-04-21","PN",753.40,22.99,7.0,329.37,1.39,3.53,-1
"2015-04-21","P",761.44,9.45,25.7,36.73,0.88,2.03,7.52
"2015-04-21","B",752.94,15.93,32.9,48.42,1.58,0.12,7.52
"2015-04-21","J",753.43,58.14,78.5,74.09,7.85,0.05,11.12
"2015-04-21","T",742.29,20.99,24.6,85.20,13.25,0.10,-1
"2015-04-22","PN",753.40,22.99,7.0,329.37,2.46,3.53,-1
"2015-04-22","P",761.40,9.35,25.5,36.73,0.89,2.03,7.64
"2015-04-22","B",752.96,16.02,33.1,48.42,1.10,0.12,7.64
"2015-04-22","J",753.45,58.43,78.9,74.09,12.78,0.05,11.07
"2015-04-22","T",742.29,20.99,24.6,85.20,12.84,0.10,-1
"2015-04-23","PN",753.42,23.17,7.0,329.37,5.67,3.53,-1
"2015-04-23","P",761.39,9.33,25.4,36.73,1.74,2.03,8.91
"2015-04-23","B",752.99,16.18,33.4,48.42,1.96,0.12,8.91
"2015-04-23","J",753.47,58.72,79.2,74.09,14.44,0.05,11.07
"2015-04-23","T",742.30,21.08,24.7,85.20,13.64,0.10,-1
"2015-04-24","PN",753.42,23.17,7.0,329.37,3.53,3.53,-1
"2015-04-24","P",761.36,9.25,25.2,36.73,1.18,2.03,8.90
"2015-04-24","B",753.02,16.34,33.7,48.42,1.97,0.12,8.90
"2015-04-24","J",753.47,58.72,79.2,74.09,11.12,0.05,11.07
"2015-04-24","T",742.31,21.18,24.9,85.20,13.06,0.10,-1
"2015-04-25","PN",753.41,23.08,7.0,329.37,2.46,3.53,-1
"2015-04-25","P",761.33,9.18,25.0,36.73,1.18,2.03,7.29
"2015-04-25","B",753.04,16.44,34.0,48.42,1.36,0.12,7.29
"2015-04-25","J",753.47,58.72,79.2,74.09,11.12,0.05,11.07
"2015-04-25","T",742.31,21.18,24.9,85.20,13.26,0.10,-1
"2015-04-26","PN",753.40,22.99,7.0,329.37,2.46,3.53,-1
"2015-04-26","P",761.30,9.11,24.8,36.73,1.18,2.03,7.64
"2015-04-26","B",753.07,16.60,34.3,48.42,1.98,0.12,7.64
"2015-04-26","J",753.47,58.72,79.2,74.09,11.12,0.05,11.07
"2015-04-26","T",742.31,21.18,24.9,85.20,12.67,0.10,-1
"2015-04-27","PN",753.41,23.08,7.0,329.37,4.60,3.53,-1
"2015-04-27","P",761.27,9.03,24.6,36.73,1.19,2.03,7.42
"2015-04-27","B",753.09,16.71,34.5,48.42,1.36,0.12,7.42
"2015-04-27","J",753.46,58.57,79.1,74.09,9.46,0.05,11.07
"2015-04-27","T",742.31,21.18,24.9,85.20,12.85,0.10,-1
"2015-04-28","PN",753.41,23.08,7.0,329.37,3.53,3.53,-1
"2015-04-28","P",761.23,8.94,24.3,36.73,0.91,2.03,7.05
"2015-04-28","B",753.11,16.82,34.7,48.42,1.37,0.12,7.05
"2015-04-28","J",753.45,58.43,78.9,74.09,9.38,0.05,10.99
"2015-04-28","T",742.31,21.18,24.9,85.20,12.50,0.10,-1
"2015-04-29","PN",753.40,22.99,7.0,329.37,2.46,3.53,-1
"2015-04-29","P",761.18,8.82,24.0,36.73,0.64,2.03,6.71
"2015-04-29","B",753.14,16.98,35.1,48.42,2.00,0.12,6.71
"2015-04-29","J",753.43,58.14,78.5,74.09,7.22,0.05,10.49
"2015-04-29","T",742.30,21.08,24.7,85.20,11.10,0.10,-1
"2015-04-30","PN",753.45,23.45,7.1,329.37,8.90,3.53,-1
"2015-04-30","P",761.16,8.77,23.9,36.73,1.48,2.03,6.60
"2015-04-30","B",753.17,17.14,35.4,48.42,2.00,0.12,6.60
"2015-04-30","J",753.40,57.71,77.9,74.09,7.38,0.05,12.30
"2015-04-30","T",742.30,21.08,24.7,85.20,12.70,0.10,-1
"2015-05-01","PN",753.51,24.01,7.3,329.37,10.03,3.53,-1
"2015-05-01","P",761.10,8.63,23.5,36.73,0.37,2.03,7.06
"2015-05-01","B",753.22,17.42,36.0,48.42,3.28,0.12,7.06
"2015-05-01","J",753.41,57.85,78.1,74.09,13.57,0.05,11.86
"2015-05-01","T",742.30,21.08,24.7,85.20,12.47,0.10,-1
"2015-05-02","PN",753.51,24.01,7.3,329.37,3.53,3.53,-1
"2015-05-02","P",761.06,8.53,23.2,36.73,0.93,2.03,7.52
"2015-05-02","B",753.27,17.69,36.5,48.42,3.30,0.12,7.52
"2015-05-02","J",753.40,57.71,77.9,74.09,10.20,0.05,11.81
"2015-05-02","T",742.31,21.18,24.9,85.20,13.58,0.10,-1
"2015-05-03","PN",753.50,23.92,7.3,329.37,2.44,3.53,-1
"2015-05-03","P",761.01,8.41,22.9,36.73,0.67,2.03,7.18
"2015-05-03","B",753.29,17.80,36.8,48.42,1.40,0.12,7.18
"2015-05-03","J",753.38,57.43,77.5,74.09,8.55,0.05,11.81
"2015-05-03","T",742.31,21.18,24.9,85.20,12.68,0.10,-1
"2015-05-04","PN",753.48,23.78,7.2,329.37,1.90,3.53,-1
"2015-05-04","P",760.97,8.32,22.7,36.73,0.95,2.03,6.94
"2015-05-04","B",753.31,17.91,37.0,48.42,1.40,0.12,6.94
"2015-05-04","J",753.36,57.14,77.1,74.09,8.53,0.05,11.78
"2015-05-04","T",742.32,21.27,25.0,85.20,13.11,0.10,-1
"2015-05-05","PN",753.49,23.83,7.2,329.37,4.07,3.53,-1
"2015-05-05","P",760.94,8.25,22.5,36.73,1.22,2.03,7.41
"2015-05-05","B",753.35,18.14,37.5,48.42,2.69,0.12,7.41
"2015-05-05","J",753.37,57.28,77.3,74.09,13.48,0.05,11.78
"2015-05-05","T",742.34,21.47,25.2,85.20,14.90,0.10,-1
"2015-05-06","PN",753.48,23.73,7.2,329.37,2.45,3.53,-1
"2015-05-06","P",760.90,8.16,22.2,36.73,0.96,2.03,7.41
"2015-05-06","B",753.35,18.14,37.5,48.42,0.12,0.12,7.41
"2015-05-06","J",753.36,57.14,77.1,74.09,10.18,0.05,11.78
"2015-05-06","T",742.36,21.66,25.4,85.20,14.47,0.10,-1
"2015-05-07","PN",753.47,23.64,7.2,329.37,2.45,3.53,-1
"2015-05-07","P",760.86,8.06,22.0,36.73,0.96,2.03,6.71
"2015-05-07","B",753.38,18.30,37.8,48.42,2.06,0.12,6.71
"2015-05-07","J",753.34,56.86,76.7,74.09,8.69,0.05,11.94
"2015-05-07","T",742.37,21.75,25.5,85.20,13.18,0.10,-1
"2015-05-08","PN",753.48,23.73,7.2,329.37,4.61,3.53,-1
"2015-05-08","P",760.82,7.97,21.7,36.73,0.97,2.03,7.29
"2015-05-08","B",753.43,18.58,38.4,48.42,3.36,0.12,7.29
"2015-05-08","J",753.34,56.86,76.7,74.09,11.99,0.05,11.94
"2015-05-08","T",742.38,21.85,25.6,85.20,12.92,0.10,-1
"2015-05-09","PN",753.50,23.92,7.3,329.37,4.97,2.80,-1
"2015-05-09","P",760.77,7.86,21.4,36.73,0.71,2.03,7.41
"2015-05-09","B",753.48,18.86,39.0,48.42,3.38,0.12,7.41
"2015-05-09","J",753.34,56.86,76.7,74.09,11.99,0.05,11.94
"2015-05-09","T",742.40,22.04,25.9,85.20,14.10,0.10,-1
"2015-05-10","PN",753.51,24.01,7.3,329.37,3.89,2.80,-1
"2015-05-10","P",760.72,7.74,21.1,36.73,0.72,2.03,6.94
"2015-05-10","B",753.54,19.21,39.7,48.42,4.07,0.12,6.94
"2015-05-10","J",753.33,56.71,76.5,74.09,10.34,0.05,11.94
"2015-05-10","T",742.40,22.04,25.9,85.20,12.41,0.10,-1
"2015-05-11","PN",753.54,24.30,7.4,329.37,6.07,2.80,-1
"2015-05-11","P",760.69,7.68,20.9,36.73,1.25,2.03,7.18
"2015-05-11","B",753.61,19.61,40.5,48.42,4.76,0.12,7.18
"2015-05-11","J",753.36,57.14,77.1,74.09,17.07,0.05,12.08
"2015-05-11","T",742.46,22.63,26.6,85.20,19.12,0.10,-1
"2015-05-12","PN",753.55,24.39,7.4,329.37,3.97,2.88,-1
"2015-05-12","P",760.65,7.59,20.7,36.73,0.99,2.03,7.87
"2015-05-12","B",753.65,19.84,41.0,48.42,2.79,0.12,7.87
"2015-05-12","J",753.37,57.28,77.3,74.09,13.64,0.05,11.94
"2015-05-12","T",742.50,23.02,27.0,85.20,16.62,0.10,-1
"2015-05-13","PN",753.56,24.48,7.4,329.37,3.97,2.88,-1
"2015-05-13","P",760.61,7.50,20.4,36.73,0.99,2.03,7.64
"2015-05-13","B",753.70,20.13,41.6,48.42,3.48,0.12,7.64
"2015-05-13","J",753.37,57.28,77.3,74.09,11.91,0.05,11.86
"2015-05-13","T",742.54,23.41,27.5,85.20,17.41,0.10,-1
"2015-05-14","PN",753.60,24.90,7.6,329.37,7.63,2.80,-1
"2015-05-14","P",760.58,7.43,20.2,36.73,1.26,2.03,6.23
"2015-05-14","B",753.77,20.54,42.4,48.42,4.86,0.12,6.23
"2015-05-14","J",753.37,57.28,77.3,74.09,12.07,0.05,12.02
"2015-05-14","T",742.57,23.71,27.8,85.20,16.04,0.10,-1
"2015-05-15","PN",753.61,25.01,7.6,329.37,4.01,2.80,-1
"2015-05-15","P",760.51,7.28,19.8,36.73,0.24,2.03,7.31
"2015-05-15","B",753.81,20.77,42.9,48.42,2.85,0.12,7.31
"2015-05-15","J",753.35,57.00,76.9,74.09,8.77,0.05,12.02
"2015-05-15","T",742.59,23.91,28.1,85.20,14.99,0.10,-1
"2015-05-16","PN",753.61,24.96,7.6,329.37,2.25,2.80,-1
"2015-05-16","P",760.49,7.23,19.7,36.73,1.52,2.03,6.02
"2015-05-16","B",753.84,20.95,43.3,48.42,2.17,0.12,6.02
"2015-05-16","J",753.34,56.86,76.7,74.09,8.46,0.05,10.06
"2015-05-16","T",742.59,23.91,28.1,85.20,12.39,0.10,-1
"2015-05-17","PN",753.61,24.96,7.6,329.37,2.80,2.80,-1
"2015-05-17","P",760.45,7.14,19.5,36.73,1.02,2.03,6.48
"2015-05-17","B",753.87,21.13,43.6,48.42,2.18,0.12,6.48
"2015-05-17","J",753.33,56.71,76.5,74.09,9.26,0.05,10.86
"2015-05-17","T",742.59,23.91,28.1,85.20,13.08,0.10,-1
"2015-05-18","PN",753.61,24.96,7.6,329.37,2.80,2.80,-1
"2015-05-18","P",760.41,7.06,19.2,36.73,1.02,2.03,6.37
"2015-05-18","B",753.90,21.31,44.0,48.42,2.19,0.12,6.37
"2015-05-18","J",753.32,56.57,76.4,74.09,9.26,0.05,10.86
"2015-05-18","T",742.60,24.01,28.2,85.20,13.54,0.10,-1
"2015-05-19","PN",753.60,24.86,7.5,329.37,1.70,2.80,-1
"2015-05-19","P",760.36,6.95,18.9,36.73,0.78,2.03,6.02
"2015-05-19","B",753.92,21.43,44.3,48.42,1.50,0.12,6.02
"2015-05-19","J",753.28,56.07,75.7,74.09,7.25,0.05,12.95
"2015-05-19","T",742.60,24.01,28.2,85.20,13.15,0.10,-1
"2015-05-20","PN",753.61,24.96,7.6,329.37,3.90,2.80,-1
"2015-05-20","P",760.32,6.86,18.7,36.73,1.03,2.03,5.90
"2015-05-20","B",753.94,21.55,44.5,48.42,1.51,0.12,5.90
"2015-05-20","J",753.25,55.58,75.0,74.09,8.27,0.05,13.95
"2015-05-20","T",742.63,24.31,28.5,85.20,16.74,0.10,-1
"2015-05-21","PN",753.61,24.96,7.6,329.37,2.80,2.80,-1
"2015-05-21","P",760.28,6.78,18.5,36.73,1.04,2.03,6.37
"2015-05-21","B",753.96,21.67,44.7,48.42,1.51,0.12,6.37
"2015-05-21","J",753.22,55.16,74.4,74.09,9.10,0.05,13.95
"2015-05-21","T",742.65,24.51,28.8,85.20,15.23,0.10,-1
"2015-05-22","PN",753.61,24.96,7.6,329.37,2.80,2.80,-1
"2015-05-22","P",760.23,6.67,18.2,36.73,0.80,2.03,6.37
"2015-05-22","B",753.97,21.73,44.9,48.42,0.82,0.12,6.37
"2015-05-22","J",753.19,54.73,73.9,74.09,9.17,0.05,14.01
"2015-05-22","T",742.67,24.71,29.0,85.20,15.19,0.10,-1
"2015-05-23","PN",753.59,24.82,7.5,329.37,1.15,2.80,-1
"2015-05-23","P",760.18,6.57,17.9,36.73,0.81,2.03,6.37
"2015-05-23","B",753.98,21.79,45.0,48.42,0.82,0.12,6.37
"2015-05-23","J",753.15,54.23,73.2,74.09,7.93,0.05,13.73
"2015-05-23","T",742.68,24.86,29.2,85.20,14.06,0.10,-1
"2015-05-24","PN",753.58,24.72,7.5,329.37,1.70,2.80,-1
"2015-05-24","P",760.12,6.44,17.5,36.73,0.57,2.03,6.02
"2015-05-24","B",753.99,21.85,45.1,48.42,0.82,0.12,6.02
"2015-05-24","J",753.11,53.67,72.4,74.09,7.32,0.05,13.76
"2015-05-24","T",742.69,24.96,29.3,85.20,14.43,0.10,-1
"2015-05-25","PN",753.58,24.67,7.5,329.37,2.25,2.80,-1
"2015-05-25","P",760.06,6.31,17.2,36.73,0.58,2.03,6.02
"2015-05-25","B",754.02,22.03,45.5,48.42,2.22,0.12,6.02
"2015-05-25","J",753.06,52.98,71.5,74.09,6.59,0.05,14.46
"2015-05-25","T",742.71,25.11,29.5,85.20,14.70,0.10,-1
"2015-05-26","PN",753.57,24.58,7.5,329.37,1.70,2.80,-1
"2015-05-26","P",759.99,6.17,16.8,36.73,0.36,2.03,4.86
"2015-05-26","B",754.03,22.09,45.6,48.42,0.82,0.12,4.86
"2015-05-26","J",753.01,52.22,70.5,74.09,5.51,0.05,14.31
"2015-05-26","T",742.73,25.32,29.7,85.20,15.55,0.10,-1
"2015-05-27","PN",753.56,24.48,7.4,329.37,1.70,2.80,-1
"2015-05-27","P",759.93,6.05,16.5,36.73,0.61,2.03,5.67
"2015-05-27","B",754.04,22.15,45.7,48.42,0.82,0.12,5.67
"2015-05-27","J",752.96,51.53,69.5,74.09,6.35,0.05,14.31
"2015-05-27","T",742.76,25.62,30.1,85.20,16.28,0.10,-1
"2015-05-28","PN",753.55,24.39,7.4,329.37,1.05,2.14,-1
"2015-05-28","P",759.95,6.09,16.6,36.73,1.37,0.90,3.24
"2015-05-28","B",754.02,22.03,45.5,48.42,1.71,0.12,6.23
"2015-05-28","J",752.92,50.97,68.8,74.09,7.83,0.05,14.17
"2015-05-28","T",742.78,25.83,30.3,85.20,14.86,0.10,-1
"2015-05-29","PN",753.54,24.30,7.4,329.37,0.99,2.08,-1
"2015-05-29","P",759.95,6.09,16.6,36.73,0.90,0.90,3.36
"2015-05-29","B",754.00,21.91,45.2,48.42,0.29,0.12,4.93
"2015-05-29","J",752.88,50.42,68.1,74.09,7.78,0.05,14.10
"2015-05-29","T",742.80,26.03,30.6,85.20,14.26,0.10,-1
"2015-05-30","PN",753.54,24.30,7.4,329.37,2.08,2.08,-1
"2015-05-30","P",759.89,5.97,16.2,36.73,0.62,2.03,5.07
"2015-05-30","B",753.97,21.73,44.9,48.42,0.03,0.12,7.07
"2015-05-30","J",752.86,50.15,67.7,74.09,10.92,0.05,14.05
"2015-05-30","T",742.81,26.13,30.7,85.20,14.24,0.10,-1
"2015-05-31","PN",753.54,24.30,7.4,329.37,2.08,2.08,-1
"2015-05-31","P",759.86,5.90,16.1,36.73,1.33,2.03,4.77
"2015-05-31","B",753.96,21.67,44.7,48.42,0.99,0.12,6.34
"2015-05-31","J",752.84,49.87,67.3,74.09,10.83,0.05,13.95
"2015-05-31","T",742.84,26.44,31.0,85.20,15.93,0.10,-1
"2015-06-01","PN",753.54,24.30,7.4,329.37,2.08,2.08,-1
"2015-06-01","P",759.79,5.76,15.7,36.73,0.40,2.03,4.17
"2015-06-01","B",753.94,21.55,44.5,48.42,0.45,0.12,5.89
"2015-06-01","J",752.81,49.46,66.8,74.09,9.18,0.05,13.88
"2015-06-01","T",742.87,26.75,31.4,85.20,16.14,0.10,-1
"2015-06-02","PN",753.53,24.24,7.4,329.37,1.42,2.08,-1
"2015-06-02","P",759.74,5.66,15.4,36.73,0.88,2.03,4.63
"2015-06-02","B",753.92,21.43,44.3,48.42,0.50,0.12,6.40
"2015-06-02","J",752.78,49.05,66.2,74.09,8.72,0.05,13.41
"2015-06-02","T",742.89,26.96,31.6,85.20,14.61,0.10,-1
"2015-06-03","PN",753.53,24.20,7.3,329.37,1.64,2.08,-1
"2015-06-03","P",759.69,5.57,15.2,36.73,0.88,2.03,4.51
"2015-06-03","B",753.90,21.31,44.0,48.42,0.09,0.12,5.86
"2015-06-03","J",752.75,48.65,65.7,74.09,9.05,0.05,13.73
"2015-06-03","T",742.91,27.17,31.9,85.20,14.68,0.10,-1
"2015-06-04","PN",753.52,24.14,7.3,329.37,1.32,2.08,-1
"2015-06-04","P",759.64,5.47,14.9,36.73,0.89,2.03,4.28
"2015-06-04","B",753.88,21.19,43.8,48.42,0.51,0.12,6.05
"2015-06-04","J",752.71,48.17,65.0,74.09,8.19,0.05,13.66
"2015-06-04","T",742.93,27.38,32.1,85.20,14.50,0.10,-1
"2015-06-05","PN",753.51,24.06,7.3,329.37,1.21,2.08,-1
"2015-06-05","P",759.58,5.35,14.6,36.73,0.68,2.03,4.75
"2015-06-05","B",753.86,21.07,43.5,48.42,0.69,0.12,6.70
"2015-06-05","J",752.68,47.70,64.4,74.09,8.24,0.05,13.66
"2015-06-05","T",742.95,27.59,32.4,85.20,14.86,0.10,-1
"2015-06-06","PN",753.50,23.96,7.3,329.37,0.98,2.08,-1
"2015-06-06","P",759.52,5.23,14.3,36.73,0.69,2.03,4.63
"2015-06-06","B",753.85,21.01,43.4,48.42,1.42,0.12,6.62
"2015-06-06","J",752.64,47.16,63.6,74.09,7.32,0.05,13.52
"2015-06-06","T",742.97,27.80,32.6,85.20,15.36,0.10,-1
"2015-06-07","PN",753.49,23.87,7.2,329.37,1.00,2.08,-1
"2015-06-07","P",759.46,5.12,13.9,36.73,0.70,2.03,4.51
"2015-06-07","B",753.83,20.89,43.1,48.42,0.61,0.12,6.37
"2015-06-07","J",752.61,46.75,63.1,74.09,7.90,0.05,12.52
"2015-06-07","T",742.98,27.90,32.7,85.20,13.85,0.10,-1
"2015-06-08","PN",753.48,23.78,7.2,329.37,0.99,2.08,-1
"2015-06-08","P",759.40,5.01,13.6,36.73,0.71,2.03,4.17
"2015-06-08","B",753.80,20.74,42.8,48.42,0.39,0.12,6.15
"2015-06-08","J",752.57,46.26,62.4,74.09,7.75,0.05,13.45
"2015-06-08","T",742.99,28.05,32.9,85.20,14.44,0.10,-1
"2015-06-09","PN",753.47,23.67,7.2,329.37,0.79,2.08,-1
"2015-06-09","P",759.35,4.91,13.4,36.73,0.94,2.03,4.28
"2015-06-09","B",753.78,20.60,42.5,48.42,0.41,0.12,6.27
"2015-06-09","J",752.55,45.95,62.0,74.09,7.86,0.05,11.37
"2015-06-09","T",742.99,28.01,32.9,85.20,12.41,0.10,-1
"2015-06-10","PN",753.46,23.54,7.1,329.37,0.67,2.08,-1
"2015-06-10","P",759.31,4.84,13.2,36.73,1.16,2.03,4.40
"2015-06-10","B",753.76,20.48,42.3,48.42,0.33,0.12,5.97
"2015-06-10","J",752.51,45.41,61.3,74.09,7.17,0.05,13.30
"2015-06-10","T",743.01,28.22,33.1,85.20,15.19,0.10,-1
"2015-06-11","PN",753.45,23.45,7.1,329.37,1.00,2.08,-1
"2015-06-11","P",759.26,4.74,12.9,36.73,0.46,1.54,4.17
"2015-06-11","B",753.73,20.33,42.0,48.42,0.29,0.12,6.10
"2015-06-11","J",752.47,44.88,60.6,74.09,7.05,0.05,13.16
"2015-06-11","T",743.02,28.37,33.3,85.20,14.57,0.10,-1
"2015-06-12","PN",753.44,23.36,7.1,329.37,1.00,2.08,-1
"2015-06-12","P",759.21,4.65,12.7,36.73,0.47,1.54,4.05
"2015-06-12","B",753.70,20.16,41.6,48.42,0.15,0.12,6.04
"2015-06-12","J",752.43,44.35,59.9,74.09,7.07,0.05,13.16
"2015-06-12","T",743.04,28.53,33.5,85.20,14.54,0.10,-1
"2015-06-13","PN",753.43,23.31,7.1,329.37,1.54,2.08,-1
"2015-06-13","P",759.15,4.54,12.4,36.73,0.27,1.54,4.28
"2015-06-13","B",753.68,20.01,41.3,48.42,0.43,0.12,6.27
"2015-06-13","J",752.39,43.88,59.2,74.09,7.55,0.05,13.01
"2015-06-13","T",743.05,28.68,33.7,85.20,15.03,0.10,-1
"2015-06-14","PN",753.43,23.27,7.1,329.37,1.54,2.08,-1
"2015-06-14","P",759.09,4.43,12.1,36.73,0.28,1.54,4.05
"2015-06-14","B",753.66,19.90,41.1,48.42,0.73,0.12,6.00
"2015-06-14","J",752.36,43.43,58.6,74.09,7.87,0.05,13.01
"2015-06-14","T",743.06,28.75,33.7,85.20,14.66,0.10,-1
"2015-06-15","PN",753.42,23.17,7.0,329.37,1.01,2.08,-1
"2015-06-15","P",759.03,4.32,11.8,36.73,0.29,1.54,3.82
"2015-06-15","B",753.64,19.78,40.9,48.42,0.55,0.12,5.59
"2015-06-15","J",752.32,42.97,58.0,74.09,7.23,0.05,12.51
"2015-06-15","T",743.07,28.88,33.9,85.20,13.67,0.10,-1
"2015-06-16","PN",753.41,23.08,7.0,329.37,1.01,2.08,-1
"2015-06-16","P",759.01,4.29,11.7,36.73,1.13,1.54,4.05
"2015-06-16","B",753.61,19.61,40.5,48.42,0.11,0.12,6.04
"2015-06-16","J",752.29,42.51,57.4,74.09,7.61,0.05,12.87
"2015-06-16","T",743.09,29.07,34.1,85.20,14.45,0.10,-1
"2015-06-17","PN",753.41,23.08,7.0,329.37,2.08,2.08,-1
"2015-06-17","P",758.95,4.18,11.4,36.73,0.30,1.54,4.05
"2015-06-17","B",753.58,19.46,40.2,48.42,0.37,0.12,5.96
"2015-06-17","J",752.26,42.12,56.8,74.09,7.54,0.05,12.03
"2015-06-17","T",743.10,29.17,34.2,85.20,13.47,0.10,-1
"2015-06-18","PN",753.40,23.02,7.0,329.37,1.44,2.08,-1
"2015-06-18","P",758.90,4.09,11.1,36.73,0.52,1.54,4.05
"2015-06-18","B",753.56,19.32,39.9,48.42,0.32,0.12,5.91
"2015-06-18","J",752.22,41.65,56.2,74.09,7.26,0.05,12.65
"2015-06-18","T",743.11,29.32,34.4,85.20,14.11,0.10,-1
"2015-06-19","PN",753.40,22.99,7.0,329.37,1.13,1.56,-1
"2015-06-19","P",758.89,4.07,11.1,36.73,0.66,0.86,3.70
"2015-06-19","B",753.54,19.21,39.7,48.42,0.75,0.12,5.65
"2015-06-19","J",752.19,41.20,55.6,74.09,6.98,0.05,12.05
"2015-06-19","T",743.12,29.39,34.5,85.20,13.75,0.10,-1
"2015-06-20","PN",753.52,24.11,7.3,329.37,15.04,2.08,-1
"2015-06-20","P",758.86,4.02,10.9,36.73,0.93,1.54,3.24
"2015-06-20","B",753.53,19.15,39.5,48.42,1.69,0.12,5.47
"2015-06-20","J",752.16,40.81,55.1,74.09,8.20,0.05,12.65
"2015-06-20","T",743.13,29.49,34.6,85.20,13.88,0.10,-1
"2015-06-21","PN",753.56,24.48,7.4,329.37,6.45,2.08,-1
"2015-06-21","P",758.81,3.93,10.7,36.73,0.53,1.54,3.70
"2015-06-21","B",753.52,19.09,39.4,48.42,1.76,0.12,6.00
"2015-06-21","J",752.13,40.43,54.6,74.09,8.00,0.05,12.44
"2015-06-21","T",743.14,29.60,34.7,85.20,13.64,0.10,-1
"2015-06-22","PN",753.57,24.58,7.5,329.37,3.18,2.08,-1
"2015-06-22","P",758.78,3.88,10.6,36.73,0.94,1.54,3.70
"2015-06-22","B",753.51,19.03,39.3,48.42,1.32,0.12,5.56
"2015-06-22","J",752.09,39.91,53.9,74.09,6.52,0.05,12.44
"2015-06-22","T",743.15,29.71,34.9,85.20,13.84,0.10,-1
"2015-06-23","PN",753.57,24.58,7.5,329.37,2.08,2.08,-1
"2015-06-23","P",758.74,3.81,10.4,36.73,0.74,1.54,4.05
"2015-06-23","B",753.50,18.98,39.2,48.42,1.32,0.12,5.91
"2015-06-23","J",752.05,39.40,53.2,74.09,6.47,0.05,12.37
"2015-06-23","T",743.16,29.82,35.0,85.20,13.81,0.10,-1
"2015-06-24","PN",753.59,24.77,7.5,329.37,4.28,2.08,-1
"2015-06-24","P",758.74,3.81,10.4,36.73,1.54,1.54,3.94
"2015-06-24","B",753.50,18.98,39.2,48.42,1.41,0.12,5.23
"2015-06-24","J",752.04,39.27,53.0,74.09,10.93,0.05,12.37
"2015-06-24","T",743.19,30.14,35.4,85.20,16.17,0.10,-1
"2015-06-25","PN",753.74,26.21,8.0,329.37,18.75,2.08,-1
"2015-06-25","P",758.71,3.76,10.2,36.73,0.94,1.54,4.80
"2015-06-25","B",753.53,19.15,39.5,48.42,3.17,0.12,5.88
"2015-06-25","J",752.03,39.14,52.8,74.09,10.94,0.05,12.37
"2015-06-25","T",743.20,30.25,35.5,85.20,13.46,0.10,-1
"2015-06-26","PN",753.80,26.79,8.1,329.37,8.85,2.08,-1
"2015-06-26","P",758.68,3.71,10.1,36.73,0.95,1.54,4.75
"2015-06-26","B",753.60,19.55,40.4,48.42,6.91,0.12,6.90
"2015-06-26","J",752.01,38.88,52.5,74.09,9.46,0.05,12.37
"2015-06-26","T",743.22,30.47,35.8,85.20,14.57,0.10,-1
"2015-06-27","PN",753.81,26.89,8.2,329.37,3.21,2.08,-1
"2015-06-27","P",758.65,3.66,10.0,36.73,0.95,1.54,4.51
"2015-06-27","B",753.62,19.66,40.6,48.42,3.17,0.12,6.23
"2015-06-27","J",751.99,38.63,52.1,74.09,9.24,0.05,12.15
"2015-06-27","T",743.23,30.57,35.9,85.20,14.07,0.10,-1
"2015-06-28","PN",753.81,26.89,8.2,329.37,2.08,2.08,-1
"2015-06-28","P",758.64,3.64,9.9,36.73,1.34,1.54,4.05
"2015-06-28","B",753.61,19.61,40.5,48.42,1.60,0.12,6.20
"2015-06-28","J",751.96,38.24,51.6,74.09,7.77,0.05,12.15
"2015-06-28","T",743.24,30.68,36.0,85.20,14.52,0.10,-1
"2015-06-29","PN",753.82,26.99,8.2,329.37,3.21,2.08,-1
"2015-06-29","P",758.60,3.57,9.7,36.73,0.76,1.54,4.63
"2015-06-29","B",753.60,19.55,40.4,48.42,1.44,0.12,6.62
"2015-06-29","J",751.93,37.86,51.1,74.09,7.71,0.05,12.08
"2015-06-29","T",743.25,30.79,36.1,85.20,14.13,0.10,-1
"2015-06-30","PN",753.82,26.99,8.2,329.37,2.08,2.08,-1
"2015-06-30","P",758.56,3.51,9.6,36.73,0.76,1.54,3.82
"2015-06-30","B",753.58,19.43,40.1,48.42,0.51,0.12,5.54
"2015-06-30","J",751.90,37.48,50.6,74.09,7.65,0.05,12.01
"2015-06-30","T",743.26,30.90,36.3,85.20,14.36,0.10,-1
"2015-07-01","PN",753.83,27.09,8.2,329.37,1.76,0.62,-1
"2015-07-01","P",758.59,3.56,9.7,36.73,1.12,0.54,3.01
"2015-07-01","B",753.55,19.26,39.8,48.42,0.24,0.12,5.12
"2015-07-01","J",751.86,36.98,49.9,74.09,6.20,0.05,12.01
"2015-07-01","T",743.27,31.01,36.4,85.20,14.60,0.10,-1
"2015-07-02","PN",753.84,27.19,8.3,329.37,1.76,0.62,-1
"2015-07-02","P",758.60,3.57,9.7,36.73,0.83,0.64,2.78
"2015-07-02","B",753.52,19.09,39.4,48.42,0.44,0.12,5.08
"2015-07-02","J",751.83,36.60,49.4,74.09,7.82,0.05,12.15
"2015-07-02","T",743.28,31.12,36.5,85.20,13.54,0.10,-1
"2015-07-03","PN",753.86,27.38,8.3,329.37,2.90,0.62,-1
"2015-07-03","P",758.60,3.57,9.7,36.73,0.64,0.64,2.08
"2015-07-03","B",753.48,18.86,39.0,48.42,0.16,0.12,4.75
"2015-07-03","J",751.80,36.22,48.9,74.09,7.83,0.05,12.15
"2015-07-03","T",743.30,31.34,36.8,85.20,14.76,0.10,-1
"2015-07-04","PN",753.88,27.58,8.4,329.37,2.91,0.62,-1
"2015-07-04","P",758.64,3.64,9.9,36.73,1.42,0.64,3.36
"2015-07-04","B",753.47,18.81,38.8,48.42,1.50,0.12,5.39
"2015-07-04","J",751.84,36.72,49.6,74.09,9.34,0.05,3.46
"2015-07-04","T",743.33,31.67,37.2,85.20,16.98,0.10,-1
"2015-07-05","PN",753.90,27.78,8.4,329.37,2.91,0.62,-1
"2015-07-05","P",758.65,3.66,10.0,36.73,0.84,0.64,2.78
"2015-07-05","B",753.45,18.70,38.6,48.42,1.21,0.12,5.18
"2015-07-05","J",751.87,37.10,50.1,74.09,7.89,0.05,3.46
"2015-07-05","T",743.29,31.23,36.7,85.20,7.95,0.10,-1
"2015-07-06","PN",753.92,27.98,8.5,329.37,2.92,0.62,-1
"2015-07-06","P",758.67,3.69,10.1,36.73,1.03,0.64,2.44
"2015-07-06","B",753.43,18.58,38.4,48.42,1.33,0.12,4.95
"2015-07-06","J",751.90,37.48,50.6,74.09,7.83,0.05,3.39
"2015-07-06","T",743.26,30.90,36.3,85.20,8.07,0.10,-1
"2015-07-07","PN",753.93,28.08,8.5,329.37,1.77,0.62,-1
"2015-07-07","P",758.68,3.71,10.1,36.73,0.84,0.64,2.07
"2015-07-07","B",753.41,18.47,38.1,48.42,1.22,0.12,4.47
"2015-07-07","J",751.91,37.67,50.8,74.09,5.71,0.05,3.46
"2015-07-07","T",743.22,30.47,35.8,85.20,8.05,0.10,-1
"2015-07-08","PN",753.94,28.18,8.6,329.37,1.77,0.62,-1
"2015-07-08","P",758.70,3.74,10.2,36.73,1.04,0.64,1.85
"2015-07-08","B",753.37,18.27,37.7,48.42,0.59,0.12,4.65
"2015-07-08","J",751.93,37.91,51.2,74.09,6.30,0.05,3.46
"2015-07-08","T",743.18,30.03,35.2,85.20,7.84,0.10,-1
"2015-07-09","PN",753.94,28.18,8.6,329.37,1.14,1.14,-1
"2015-07-09","P",758.71,3.76,10.2,36.73,0.84,0.64,1.85
"2015-07-09","B",753.34,18.08,37.3,48.42,0.73,0.12,4.65
"2015-07-09","J",751.95,38.12,51.4,74.09,5.87,0.05,3.46
"2015-07-09","T",743.13,29.49,34.6,85.20,6.88,0.10,-1
"2015-07-10","PN",753.93,28.13,8.5,329.37,0.88,1.46,-1
"2015-07-10","P",758.72,3.78,10.3,36.73,0.84,0.64,1.97
"2015-07-10","B",753.31,17.91,37.0,48.42,0.18,0.12,3.96
"2015-07-10","J",751.96,38.31,51.7,74.09,5.72,0.05,3.46
"2015-07-10","T",743.07,28.85,33.9,85.20,6.41,0.10,-1
"2015-07-11","PN",753.93,28.08,8.5,329.37,0.89,1.46,-1
"2015-07-11","P",758.73,3.80,10.3,36.73,0.84,0.64,1.97
"2015-07-11","B",753.28,17.75,36.7,48.42,0.15,0.12,3.92
"2015-07-11","J",751.98,38.50,52.0,74.09,5.80,0.05,3.53
"2015-07-11","T",743.01,28.22,33.1,85.20,6.35,0.10,-1
"2015-07-12","PN",753.93,28.08,8.5,329.37,1.46,1.46,-1
"2015-07-12","P",758.74,3.81,10.4,36.73,0.84,0.64,2.08
"2015-07-12","B",753.25,17.59,36.3,48.42,0.16,0.12,3.90
"2015-07-12","J",751.99,38.69,52.2,74.09,5.71,0.05,3.46
"2015-07-12","T",742.95,27.59,32.4,85.20,6.60,0.10,-1
"2015-07-13","PN",753.93,28.08,8.5,329.37,1.46,1.46,-1
"2015-07-13","P",758.74,3.81,10.4,36.73,0.64,0.64,2.08
"2015-07-13","B",753.22,17.45,36.0,48.42,0.22,0.12,3.90
"2015-07-13","J",752.01,38.88,52.5,74.09,5.81,0.05,3.53
"2015-07-13","T",742.89,26.96,31.6,85.20,6.24,0.10,-1
"2015-07-14","PN",753.93,28.08,8.5,329.37,1.46,1.46,-1
"2015-07-14","P",758.75,3.83,10.4,36.73,0.84,0.64,2.08
"2015-07-14","B",753.19,17.28,35.7,48.42,0.04,0.12,3.90
"2015-07-14","J",751.98,38.50,52.0,74.09,4.77,0.05,9.16
"2015-07-14","T",742.88,26.86,31.5,85.20,11.75,0.10,-1
"2015-07-15","PN",753.93,28.08,8.5,329.37,1.46,1.46,-1
"2015-07-15","P",758.74,3.81,10.4,36.73,0.44,0.64,1.85
"2015-07-15","B",753.17,17.14,35.4,48.42,0.11,0.12,3.42
"2015-07-15","J",751.92,37.80,51.0,74.09,3.94,0.05,12.01
"2015-07-15","T",742.89,26.96,31.6,85.20,15.15,0.10,-1
"2015-07-16","PN",753.93,28.08,8.5,329.37,1.46,1.46,-1
"2015-07-16","P",758.74,3.81,10.4,36.73,0.64,0.64,1.62
"2015-07-16","B",753.14,17.00,35.1,48.42,0.06,0.12,3.19
"2015-07-16","J",751.86,36.98,49.9,74.09,3.28,0.05,12.74
"2015-07-16","T",742.90,27.06,31.8,85.20,14.11,0.10,-1
"2015-07-17","PN",753.92,28.02,8.5,329.37,0.77,1.46,-1
"2015-07-17","P",758.74,3.81,10.4,36.73,0.64,0.64,1.74
"2015-07-17","B",753.10,16.79,34.7,48.42,0.14,0.12,4.26
"2015-07-17","J",751.81,36.35,49.1,74.09,4.56,0.05,11.80
"2015-07-17","T",742.90,27.06,31.8,85.20,13.26,0.10,-1
"2015-07-18","PN",753.92,27.98,8.5,329.37,1.00,1.46,-1
"2015-07-18","P",758.74,3.81,10.4,36.73,0.64,0.64,1.50
"2015-07-18","B",753.07,16.60,34.3,48.42,0.11,0.12,3.61
"2015-07-18","J",751.76,35.72,48.2,74.09,3.99,0.05,11.20
"2015-07-18","T",742.90,27.06,31.8,85.20,12.93,0.10,-1
"2015-07-19","PN",753.92,27.98,8.5,329.37,1.46,1.46,-1
"2015-07-19","P",758.74,3.81,10.4,36.73,0.64,0.64,1.50
"2015-07-19","B",753.04,16.47,34.0,48.42,0.11,0.12,3.05
"2015-07-19","J",751.70,34.97,47.2,74.09,3.28,0.05,11.90
"2015-07-19","T",742.90,27.06,31.8,85.20,13.60,0.10,-1
"2015-07-20","PN",753.91,27.92,8.5,329.37,0.77,1.46,-1
"2015-07-20","P",758.73,3.80,10.4,36.73,0.53,0.64,1.50
"2015-07-20","B",753.01,16.31,33.7,48.42,0.30,0.12,3.59
"2015-07-20","J",751.64,34.28,46.3,74.09,4.55,0.05,12.50
"2015-07-20","T",742.91,27.17,31.9,85.20,13.81,0.10,-1
"2015-07-21","PN",753.90,27.83,8.4,329.37,0.41,1.46,-1
"2015-07-21","P",758.73,3.80,10.3,36.73,0.55,0.64,1.39
"2015-07-21","B",752.98,16.12,33.3,48.42,0.12,0.12,3.48
"2015-07-21","J",751.58,33.53,45.3,74.09,4.21,0.05,12.80
"2015-07-21","T",742.92,27.27,32.0,85.20,14.55,0.10,-1
"2015-07-22","PN",753.90,27.80,8.4,329.37,1.13,1.46,-1
"2015-07-22","P",758.73,3.80,10.3,36.73,0.64,0.64,1.50
"2015-07-22","B",752.98,16.12,33.3,48.42,0.12,0.12,1.50
"2015-07-22","J",751.51,32.62,44.0,74.09,2.17,0.05,12.65
"2015-07-22","T",742.93,27.38,32.1,85.20,14.32,0.10,-1
"2015-07-23","PN",753.89,27.72,8.4,329.37,0.54,1.46,-1
"2015-07-23","P",758.72,3.78,10.3,36.73,0.44,0.64,1.50
"2015-07-23","B",752.99,16.18,33.4,48.42,0.73,0.12,1.50
"2015-07-23","J",751.44,31.71,42.8,74.09,1.89,0.05,12.44
"2015-07-23","T",742.94,27.48,32.3,85.20,13.94,0.10,-1
"2015-07-24","PN",753.89,27.68,8.4,329.37,1.00,1.46,-1
"2015-07-24","P",758.72,3.78,10.3,36.73,0.64,0.64,1.50
"2015-07-24","B",752.99,16.18,33.4,48.42,0.12,0.12,1.50
"2015-07-24","J",751.37,30.89,41.7,74.09,1.95,0.05,11.31
"2015-07-24","T",742.94,27.48,32.3,85.20,12.89,0.10,-1
"2015-07-25","PN",753.91,27.88,8.5,329.37,3.75,1.46,-1
"2015-07-25","P",758.74,3.81,10.4,36.73,1.04,0.64,1.97
"2015-07-25","B",753.01,16.28,33.6,48.42,1.35,0.12,1.97
"2015-07-25","J",751.31,30.19,40.8,74.09,3.29,0.05,11.34
"2015-07-25","T",742.95,27.59,32.4,85.20,14.39,0.10,-1
"2015-07-26","PN",753.94,28.18,8.6,329.37,4.91,1.46,-1
"2015-07-26","P",758.82,3.95,10.8,36.73,2.24,0.64,2.43
"2015-07-26","B",753.04,16.44,34.0,48.42,1.97,0.12,2.43
"2015-07-26","J",751.26,29.59,39.9,74.09,4.89,0.05,11.79
"2015-07-26","T",742.98,27.90,32.7,85.20,16.14,0.10,-1
"2015-07-27","PN",753.95,28.28,8.6,329.37,2.61,1.46,-1
"2015-07-27","P",758.87,4.04,11.0,36.73,1.65,0.64,4.05
"2015-07-27","B",753.07,16.60,34.3,48.42,1.98,0.12,4.05
"2015-07-27","J",751.22,29.12,39.3,74.09,6.23,0.05,11.72
"2015-07-27","T",743.01,28.22,33.1,85.20,16.37,0.10,-1
"2015-07-28","PN",753.95,28.28,8.6,329.37,1.46,1.46,-1
"2015-07-28","P",758.92,4.13,11.2,36.73,1.66,0.64,2.29
"2015-07-28","B",753.08,16.66,34.4,48.42,0.74,0.12,2.29
"2015-07-28","J",751.17,28.52,38.5,74.09,4.74,0.05,11.58
"2015-07-28","T",743.05,28.64,33.6,85.20,16.49,0.10,-1
"2015-07-29","PN",753.95,28.28,8.6,329.37,1.46,1.46,-1
"2015-07-29","P",758.98,4.23,11.5,36.73,1.87,0.64,1.64
"2015-07-29","B",753.10,16.77,34.6,48.42,1.37,0.12,1.64
"2015-07-29","J",751.11,27.81,37.5,74.09,2.89,0.05,11.07
"2015-07-29","T",743.07,28.85,33.9,85.20,14.28,0.10,-1
"2015-07-30","PN",753.94,28.18,8.6,329.37,0.31,1.46,-1
"2015-07-30","P",759.02,4.31,11.7,36.73,1.47,0.64,3.01
"2015-07-30","B",753.11,16.82,34.7,48.42,0.74,0.12,3.01
"2015-07-30","J",751.06,27.22,36.7,74.09,4.23,0.05,11.00
"2015-07-30","T",743.09,29.11,34.2,85.20,14.86,0.10,-1
"2015-07-31","PN",753.93,28.08,8.5,329.37,0.31,1.46,-1
"2015-07-31","P",759.04,4.34,11.8,36.73,1.06,0.64,1.27
"2015-07-31","B",753.11,16.82,34.7,48.42,0.12,0.12,1.27
"2015-07-31","J",751.00,26.52,35.8,74.09,2.41,0.05,10.50
"2015-07-31","T",743.11,29.28,34.4,85.20,14.02,0.10,-1
"2015-08-01","PN",753.93,28.08,8.5,329.37,1.46,1.46,-1
"2015-08-01","P",759.05,4.36,11.9,36.73,0.85,0.64,1.97
"2015-08-01","B",753.12,16.87,34.9,48.42,0.74,0.12,1.97
"2015-08-01","J",750.94,25.82,34.8,74.09,2.38,0.05,10.43
"2015-08-01","T",743.10,29.17,34.2,85.20,10.81,0.10,-1
"2015-08-02","PN",753.93,28.08,8.5,329.37,1.46,1.46,-1
"2015-08-02","P",759.05,4.36,11.9,36.73,0.64,0.64,1.39
"2015-08-02","B",753.12,16.87,34.9,48.42,0.12,0.12,1.39
"2015-08-02","J",750.88,25.12,33.9,74.09,2.43,0.05,10.43
"2015-08-02","T",743.08,28.96,34.0,85.20,10.99,0.10,-1
"2015-08-03","PN",753.93,28.08,8.5,329.37,1.46,1.46,-1
"2015-08-03","P",759.05,4.36,11.9,36.73,0.64,0.64,1.39
"2015-08-03","B",753.12,16.87,34.9,48.42,0.12,0.12,1.39
"2015-08-03","J",750.82,24.43,33.0,74.09,2.25,0.05,10.21
"2015-08-03","T",743.07,28.80,33.8,85.20,11.61,0.10,-1
"2015-08-04","PN",753.92,27.98,8.5,329.37,0.31,1.46,-1
"2015-08-04","P",759.06,4.38,11.9,36.73,0.85,0.64,1.62
"2015-08-04","B",753.14,16.98,35.1,48.42,1.37,0.12,1.62
"2015-08-04","J",750.76,23.74,32.0,74.09,2.16,0.05,10.07
"2015-08-04","T",743.06,28.75,33.7,85.20,12.15,0.10,-1
"2015-08-05","PN",753.91,27.88,8.5,329.37,0.31,1.46,-1
"2015-08-05","P",759.06,4.38,11.9,36.73,0.64,0.64,1.62
"2015-08-05","B",753.14,16.98,35.1,48.42,0.12,0.12,1.62
"2015-08-05","J",750.70,23.06,31.1,74.09,2.06,0.05,9.93
"2015-08-05","T",743.06,28.75,33.7,85.20,12.51,0.10,-1
"2015-08-06","PN",753.90,27.78,8.4,329.37,0.31,1.46,-1
"2015-08-06","P",759.06,4.38,11.9,36.73,0.64,0.64,1.50
"2015-08-06","B",753.15,17.04,35.2,48.42,0.75,0.12,1.50
"2015-08-06","J",750.64,22.38,30.2,74.09,2.03,0.05,9.85
"2015-08-06","T",743.06,28.75,33.7,85.20,11.72,0.10,-1
"2015-08-07","PN",753.89,27.68,8.4,329.37,0.31,1.46,-1
"2015-08-07","P",759.06,4.38,11.9,36.73,0.64,0.64,1.50
"2015-08-07","B",753.16,17.09,35.3,48.42,0.75,0.12,1.50
"2015-08-07","J",750.58,21.70,29.3,74.09,2.01,0.05,9.79
"2015-08-07","T",743.06,28.75,33.7,85.20,11.50,0.10,-1
"2015-08-08","PN",753.87,27.48,8.3,329.37,1.79,4.08,-1
"2015-08-08","P",759.06,4.38,11.9,36.73,0.64,0.64,1.50
"2015-08-08","B",753.17,17.14,35.4,48.42,0.75,0.12,1.50
"2015-08-08","J",750.52,21.03,28.4,74.09,1.98,0.05,9.71
"2015-08-08","T",743.05,28.64,33.6,85.20,11.55,0.10,-1
"2015-08-09","PN",753.84,27.19,8.3,329.37,0.66,4.08,-1
"2015-08-09","P",759.05,4.36,11.9,36.73,0.43,0.64,3.24
"2015-08-09","B",753.17,17.14,35.4,48.42,0.12,0.12,3.24
"2015-08-09","J",750.48,20.58,27.8,74.09,4.46,0.05,9.57
"2015-08-09","T",743.03,28.43,33.4,85.20,10.61,0.10,-1
"2015-08-10","PN",753.82,26.99,8.2,329.37,1.81,4.08,-1
"2015-08-10","P",759.05,4.36,11.9,36.73,0.64,0.64,4.05
"2015-08-10","B",753.17,17.14,35.4,48.42,0.12,0.12,4.05
"2015-08-10","J",750.44,20.14,27.2,74.09,4.48,0.05,9.57
"2015-08-10","T",743.01,28.22,33.1,85.20,10.19,0.10,-1
"2015-08-11","PN",753.79,26.74,8.1,329.37,1.25,4.08,-1
"2015-08-11","P",759.04,4.35,11.8,36.73,0.54,0.64,4.05
"2015-08-11","B",753.17,17.14,35.4,48.42,0.12,0.12,4.05
"2015-08-11","J",750.39,19.62,26.5,74.09,4.74,0.05,10.70
"2015-08-11","T",743.00,28.11,33.0,85.20,11.38,0.10,-1
"2015-08-12","PN",753.76,26.45,8.0,329.37,0.69,4.08,-1
"2015-08-12","P",759.04,4.34,11.8,36.73,0.54,0.64,4.05
"2015-08-12","B",753.14,17.01,35.1,48.42,0.05,0.12,5.55
"2015-08-12","J",750.36,19.31,26.1,74.09,6.38,0.05,9.90
"2015-08-12","T",742.99,28.01,32.9,85.20,10.41,0.10,-1
"2015-08-13","PN",753.73,26.14,7.9,329.37,0.48,4.08,-1
"2015-08-13","P",759.03,4.32,11.8,36.73,0.43,0.64,3.94
"2015-08-13","B",753.12,16.87,34.9,48.42,0.05,0.12,5.44
"2015-08-13","J",750.34,19.07,25.7,74.09,6.28,0.05,9.03
"2015-08-13","T",742.97,27.80,32.6,85.20,9.69,0.10,-1
"2015-08-14","PN",753.70,25.85,7.8,329.37,0.72,4.08,-1
"2015-08-14","P",759.01,4.29,11.7,36.73,0.23,0.64,4.05
"2015-08-14","B",753.12,16.87,34.9,48.42,0.52,0.12,4.45
"2015-08-14","J",750.30,18.65,25.2,74.09,4.76,0.05,9.53
"2015-08-14","T",742.95,27.59,32.4,85.20,10.19,0.10,-1
"2015-08-15","PN",753.67,25.56,7.8,329.37,0.74,4.08,-1
"2015-08-15","P",759.00,4.27,11.6,36.73,0.43,0.64,4.05
"2015-08-15","B",753.11,16.82,34.7,48.42,0.41,0.12,4.96
"2015-08-15","J",750.27,18.31,24.7,74.09,5.49,0.05,9.36
"2015-08-15","T",742.93,27.38,32.1,85.20,10.00,0.10,-1
"2015-08-16","PN",753.64,25.28,7.7,329.37,0.86,4.08,-1
"2015-08-16","P",758.99,4.25,11.6,36.73,0.43,0.64,4.05
"2015-08-16","B",753.09,16.74,34.6,48.42,0.35,0.12,5.22
"2015-08-16","J",750.24,17.99,24.3,74.09,5.63,0.05,9.36
"2015-08-16","T",742.91,27.17,31.9,85.20,9.97,0.10,-1
"2015-08-17","PN",753.61,24.99,7.6,329.37,0.65,4.08,-1
"2015-08-17","P",758.98,4.23,11.5,36.73,0.43,0.64,4.05
"2015-08-17","B",753.07,16.60,34.3,48.42,0.17,0.12,5.65
"2015-08-17","J",750.22,17.73,23.9,74.09,6.31,0.05,9.28
"2015-08-17","T",742.89,26.96,31.6,85.20,9.70,0.10,-1
"2015-08-18","PN",753.58,24.69,7.5,329.37,0.67,4.08,-1
"2015-08-18","P",758.97,4.22,11.5,36.73,0.43,0.64,3.85
"2015-08-18","B",753.07,16.60,34.3,48.42,0.69,0.12,4.42
"2015-08-18","J",750.18,17.34,23.4,74.09,4.62,0.05,9.08
"2015-08-18","T",742.86,26.70,31.3,85.20,9.65,0.10,-1
"2015-08-19","PN",753.55,24.39,7.4,329.37,0.57,4.08,-1
"2015-08-19","P",758.96,4.20,11.4,36.73,0.43,0.64,3.55
"2015-08-19","B",753.07,16.60,34.3,48.42,0.33,0.12,3.76
"2015-08-19","J",750.14,16.86,22.8,74.09,4.04,0.05,9.48
"2015-08-19","T",742.85,26.55,31.2,85.20,10.02,0.10,-1
"2015-08-20","PN",753.52,24.11,7.3,329.37,0.81,4.08,-1
"2015-08-20","P",758.95,4.18,11.4,36.73,0.43,0.64,4.05
"2015-08-20","B",753.07,16.60,34.3,48.42,0.12,0.12,4.05
"2015-08-20","J",750.10,16.43,22.2,74.09,4.15,0.05,9.07
"2015-08-20","T",742.82,26.24,30.8,85.20,9.42,0.10,-1
"2015-08-21","PN",753.49,23.83,7.2,329.37,0.82,4.08,-1
"2015-08-21","P",758.95,4.18,11.4,36.73,0.64,0.64,4.05
"2015-08-21","B",753.07,16.60,34.3,48.42,0.12,0.12,4.05
"2015-08-21","J",750.07,16.11,21.7,74.09,5.34,0.05,9.00
"2015-08-21","T",742.80,26.03,30.6,85.20,9.40,0.10,-1
"2015-08-22","PN",753.47,23.64,7.2,329.37,1.91,4.08,-1
"2015-08-22","P",758.93,4.14,11.3,36.73,0.23,0.64,4.05
"2015-08-22","B",753.06,16.55,34.2,48.42,0.05,0.12,4.60
"2015-08-22","J",750.04,15.79,21.3,74.09,5.10,0.05,8.75
"2015-08-22","T",742.78,25.83,30.3,85.20,8.87,0.10,-1
"2015-08-23","PN",753.44,23.36,7.1,329.37,0.84,4.08,-1
"2015-08-23","P",758.92,4.13,11.2,36.73,0.44,0.64,4.05
"2015-08-23","B",753.06,16.55,34.2,48.42,0.12,0.12,4.05
"2015-08-23","J",750.00,15.37,20.7,74.09,4.63,0.05,9.50
"2015-08-23","T",742.76,25.62,30.1,85.20,10.54,0.10,-1
"2015-08-24","PN",753.41,23.08,7.0,329.37,0.86,4.08,-1
"2015-08-24","P",758.91,4.11,11.2,36.73,0.44,0.64,4.05
"2015-08-24","B",753.06,16.55,34.2,48.42,0.12,0.12,4.05
"2015-08-24","J",749.96,14.95,20.2,74.09,4.65,0.05,9.50
"2015-08-24","T",742.75,25.52,30.0,85.20,11.11,0.10,-1
"2015-08-25","PN",753.38,22.80,6.9,329.37,0.87,4.08,-1
"2015-08-25","P",758.90,4.09,11.1,36.73,0.44,0.64,4.05
"2015-08-25","B",753.06,16.55,34.2,48.42,0.82,0.12,4.75
"2015-08-25","J",749.93,14.63,19.7,74.09,5.75,0.05,9.36
"2015-08-25","T",742.74,25.42,29.8,85.20,10.61,0.10,-1
"2015-08-26","PN",753.36,22.62,6.9,329.37,1.95,4.08,-1
"2015-08-26","P",758.90,4.09,11.1,36.73,0.64,0.64,4.51
"2015-08-26","B",753.05,16.50,34.1,48.42,0.20,0.12,5.21
"2015-08-26","J",749.90,14.31,19.3,74.09,5.78,0.05,9.38
"2015-08-26","T",742.73,25.32,29.7,85.20,10.12,0.10,-1
"2015-08-27","PN",753.34,22.43,6.8,329.37,1.95,4.08,-1
"2015-08-27","P",758.89,4.07,11.1,36.73,0.44,0.64,4.05
"2015-08-27","B",753.05,16.50,34.1,48.42,0.12,0.12,4.05
"2015-08-27","J",749.86,13.90,18.8,74.09,4.48,0.05,9.28
"2015-08-27","T",742.71,25.16,29.5,85.20,10.07,0.10,-1
"2015-08-28","PN",753.33,22.34,6.8,329.37,3.02,4.08,-1
"2015-08-28","P",758.90,4.09,11.1,36.73,0.84,0.64,4.51
"2015-08-28","B",753.06,16.55,34.2,48.42,0.74,0.12,4.51
"2015-08-28","J",749.83,13.58,18.3,74.09,5.43,0.05,9.00
"2015-08-28","T",742.70,25.01,29.4,85.20,9.57,0.10,-1
"2015-08-29","PN",753.31,22.16,6.7,329.37,1.96,4.08,-1
"2015-08-29","P",758.90,4.09,11.1,36.73,0.64,0.64,4.86
"2015-08-29","B",753.06,16.55,34.2,48.42,0.12,0.12,4.86
"2015-08-29","J",749.80,13.27,17.9,74.09,5.58,0.05,9.14
"2015-08-29","T",742.69,24.91,29.2,85.20,10.15,0.10,-1
"2015-08-30","PN",753.28,21.89,6.6,329.37,0.92,4.08,-1
"2015-08-30","P",758.89,4.07,11.1,36.73,0.44,0.64,4.63
"2015-08-30","B",753.06,16.55,34.2,48.42,0.12,0.12,4.63
"2015-08-30","J",749.77,12.96,17.5,74.09,5.39,0.05,8.94
"2015-08-30","T",742.67,24.71,29.0,85.20,9.68,0.10,-1
"2015-08-31","PN",753.24,21.57,6.5,329.37,0.41,4.08,-1
"2015-08-31","P",758.89,4.07,11.1,36.73,0.64,0.64,4.31
"2015-08-31","B",753.06,16.55,34.2,48.42,0.12,0.12,4.31
"2015-08-31","J",749.72,12.50,16.9,74.09,4.74,0.05,10.07
"2015-08-31","T",742.66,24.61,28.9,85.20,11.32,0.10,-1
"2015-09-01","PN",753.22,21.30,6.5,329.37,0.95,4.08,-1
"2015-09-01","P",758.87,4.04,11.0,36.73,0.23,0.64,4.28
"2015-09-01","B",753.06,16.55,34.2,48.42,0.12,0.12,4.28
"2015-09-01","J",749.69,12.14,16.4,74.09,4.76,0.05,8.87
"2015-09-01","T",742.64,24.41,28.6,85.20,9.52,0.10,-1
"2015-09-02","PN",753.19,21.07,6.4,329.37,1.48,4.08,-1
"2015-09-02","P",758.88,4.06,11.0,36.73,0.84,0.64,4.02
"2015-09-02","B",753.06,16.55,34.2,48.42,0.12,0.12,4.02
"2015-09-02","J",749.66,11.83,16.0,74.09,5.42,0.05,8.93
"2015-09-02","T",742.62,24.21,28.4,85.20,10.14,0.10,-1
"2015-09-03","PN",753.17,20.90,6.3,329.37,2.01,4.08,-1
"2015-09-03","P",758.87,4.04,11.0,36.73,0.44,0.64,3.80
"2015-09-03","B",753.06,16.55,34.2,48.42,0.12,0.12,3.80
"2015-09-03","J",749.62,11.42,15.4,74.09,4.11,0.05,8.78
"2015-09-03","T",742.60,24.01,28.2,85.20,9.26,0.10,-1
"2015-09-04","PN",753.14,20.66,6.3,329.37,1.40,4.08,-1
"2015-09-04","P",758.86,4.02,10.9,36.73,0.44,0.64,3.97
"2015-09-04","B",753.05,16.50,34.1,48.42,0.20,0.12,4.67
"2015-09-04","J",749.59,11.12,15.0,74.09,5.23,0.05,8.71
"2015-09-04","T",742.58,23.81,27.9,85.20,9.24,0.10,-1
"2015-09-05","PN",753.14,20.63,6.3,329.37,2.10,2.51,-1
"2015-09-05","P",758.86,4.02,10.9,36.73,0.64,0.64,4.75
"2015-09-05","B",753.05,16.50,34.1,48.42,0.12,0.12,4.75
"2015-09-05","J",749.57,10.91,14.7,74.09,6.34,0.05,8.64
"2015-09-05","T",742.57,23.71,27.8,85.20,10.08,0.10,-1
"2015-09-06","PN",753.12,20.45,6.2,329.37,1.82,3.88,-1
"2015-09-06","P",758.85,4.00,10.9,36.73,0.44,0.64,3.94
"2015-09-06","B",753.05,16.50,34.1,48.42,0.12,0.12,3.94
"2015-09-06","J",749.55,10.71,14.5,74.09,6.28,0.05,8.57
"2015-09-06","T",742.56,23.61,27.7,85.20,10.20,0.10,-1
"2015-09-07","PN",753.09,20.18,6.1,329.37,1.01,4.08,-1
"2015-09-07","P",758.84,3.99,10.9,36.73,0.44,0.64,3.47
"2015-09-07","B",753.05,16.50,34.1,48.42,0.53,0.12,3.88
"2015-09-07","J",749.52,10.41,14.0,74.09,5.12,0.05,8.57
"2015-09-07","T",742.56,23.61,27.7,85.20,11.56,0.10,-1
"2015-09-08","PN",753.10,20.27,6.2,329.37,5.10,4.08,-1
"2015-09-08","P",758.88,4.06,11.0,36.73,1.45,0.64,5.56
"2015-09-08","B",753.08,16.66,34.4,48.42,1.98,0.12,5.56
"2015-09-08","J",749.51,10.31,13.9,74.09,7.46,0.05,8.57
"2015-09-08","T",742.59,23.91,28.1,85.20,14.55,0.10,-1
"2015-09-09","PN",753.22,21.34,6.5,329.37,13.71,1.31,-1
"2015-09-09","P",759.01,4.29,11.7,36.73,3.31,0.64,4.86
"2015-09-09","B",753.21,17.36,35.9,48.42,8.27,0.12,4.86
"2015-09-09","J",749.61,11.32,15.3,74.09,20.83,0.05,9.07
"2015-09-09","T",742.68,24.81,29.1,85.20,22.22,0.10,-1
"2015-09-10","PN",753.29,21.98,6.7,329.37,8.37,1.03,-1
"2015-09-10","P",759.12,4.49,12.2,36.73,2.94,0.64,7.18
"2015-09-10","B",753.31,17.91,37.0,48.42,6.49,0.12,7.18
"2015-09-10","J",749.65,11.73,15.8,74.09,13.48,0.05,8.71
"2015-09-10","T",742.80,26.03,30.6,85.20,26.55,0.10,-1
"2015-09-11","PN",753.33,22.34,6.8,329.37,5.26,1.03,-1
"2015-09-11","P",759.25,4.72,12.9,36.73,3.40,0.64,7.52
"2015-09-11","B",753.38,18.30,37.8,48.42,4.63,0.12,7.52
"2015-09-11","J",749.70,12.24,16.5,74.09,15.05,0.05,9.07
"2015-09-11","T",742.90,27.06,31.8,85.20,24.56,0.10,-1
"2015-09-12","PN",753.38,22.80,6.9,329.37,6.04,0.72,-1
"2015-09-12","P",759.41,5.02,13.7,36.73,3.88,0.41,8.22
"2015-09-12","B",753.48,18.86,39.0,48.42,6.63,0.12,8.22
"2015-09-12","J",749.75,12.75,17.2,74.09,15.20,0.05,9.19
"2015-09-12","T",743.02,28.32,33.2,85.20,26.13,0.10,-1
"2015-09-13","PN",753.43,23.27,7.1,329.37,6.06,0.70,-1
"2015-09-13","P",759.58,5.35,14.6,36.73,4.10,0.32,7.52
"2015-09-13","B",753.52,19.09,39.4,48.42,3.45,0.12,8.22
"2015-09-13","J",749.79,13.17,17.8,74.09,14.18,0.50,8.89
"2015-09-13","T",743.11,29.28,34.4,85.20,23.01,0.10,-1
"2015-09-14","PN",753.46,23.54,7.1,329.37,3.93,0.70,-1
"2015-09-14","P",759.68,5.55,15.1,36.73,2.58,0.32,4.40
"2015-09-14","B",753.54,19.21,39.7,48.42,2.52,0.12,5.48
"2015-09-14","J",749.81,13.37,18.1,74.09,11.82,0.50,8.92
"2015-09-14","T",743.15,29.71,34.9,85.20,17.32,0.10,-1
"2015-09-15","PN",753.47,23.67,7.2,329.37,2.34,0.93,-1
"2015-09-15","P",759.75,5.68,15.5,36.73,2.44,0.84,5.56
"2015-09-15","B",753.53,19.15,39.5,48.42,1.09,0.12,7.19
"2015-09-15","J",749.85,13.79,18.6,74.09,14.01,0.05,9.14
"2015-09-15","T",743.16,29.82,35.0,85.20,12.63,0.10,-1
"2015-09-16","PN",753.48,23.73,7.2,329.37,1.79,1.03,-1
"2015-09-16","P",759.80,5.78,15.7,36.73,1.60,0.45,3.82
"2015-09-16","B",753.51,19.03,39.3,48.42,1.10,0.12,6.12
"2015-09-16","J",749.88,14.10,19.0,74.09,12.82,0.05,9.14
"2015-09-16","T",743.18,30.03,35.2,85.20,14.68,0.10,-1
"2015-09-17","PN",753.48,23.73,7.2,329.37,3.31,3.31,-1
"2015-09-17","P",759.84,5.86,16.0,36.73,1.38,0.45,2.87
"2015-09-17","B",753.48,18.89,39.0,48.42,0.56,0.12,4.95
"2015-09-17","J",749.87,14.00,18.9,74.09,7.98,0.05,9.14
"2015-09-17","T",743.19,30.14,35.4,85.20,13.47,0.10,-1
"2015-09-18","PN",753.46,23.54,7.1,329.37,1.92,4.08,-1
"2015-09-18","P",759.88,5.95,16.2,36.73,1.38,0.45,3.26
"2015-09-18","B",753.46,18.75,38.7,48.42,0.34,0.12,5.12
"2015-09-18","J",749.84,13.69,18.5,74.09,5.56,0.05,9.14
"2015-09-18","T",743.18,30.03,35.2,85.20,11.10,0.10,-1
"2015-09-19","PN",753.43,23.31,7.1,329.37,1.37,4.08,-1
"2015-09-19","P",759.90,5.99,16.3,36.73,0.92,0.45,4.17
"2015-09-19","B",753.43,18.58,38.4,48.42,0.19,0.12,6.20
"2015-09-19","J",749.82,13.48,18.2,74.09,6.64,0.05,9.00
"2015-09-19","T",743.17,29.92,35.1,85.20,11.81,0.10,-1
"2015-09-20","PN",753.41,23.08,7.0,329.37,1.41,4.08,-1
"2015-09-20","P",759.91,6.01,16.4,36.73,0.69,0.45,4.05
"2015-09-20","B",753.39,18.39,38.0,48.42,0.07,0.12,6.28
"2015-09-20","J",749.79,13.21,17.8,74.09,6.68,0.05,9.76
"2015-09-20","T",743.16,29.82,35.0,85.20,11.72,0.10,-1
"2015-09-21","PN",753.38,22.80,6.9,329.37,0.87,4.08,-1
"2015-09-21","P",759.93,6.05,16.5,36.73,0.92,0.45,3.94
"2015-09-21","B",753.36,18.21,37.6,48.42,0.20,0.12,6.02
"2015-09-21","J",749.77,13.01,17.6,74.09,6.55,0.05,8.78
"2015-09-21","T",743.13,29.55,34.7,85.20,10.12,0.10,-1
"2015-09-22","PN",753.35,22.55,6.8,329.37,1.20,4.08,-1
"2015-09-22","P",759.95,6.09,16.6,36.73,0.92,0.45,4.04
"2015-09-22","B",753.33,18.05,37.3,48.42,0.16,0.12,5.95
"2015-09-22","J",749.75,12.80,17.3,74.09,6.37,0.05,8.71
"2015-09-22","T",743.11,29.28,34.4,85.20,9.50,0.10,-1
"2015-09-23","PN",753.32,22.28,6.8,329.37,0.90,4.08,-1
"2015-09-23","P",759.97,6.13,16.7,36.73,0.92,0.45,4.05
"2015-09-23","B",753.30,17.86,36.9,48.42,0.17,0.12,6.34
"2015-09-23","J",749.73,12.58,17.0,74.09,6.73,0.05,9.31
"2015-09-23","T",743.09,29.07,34.1,85.20,9.90,0.10,-1
"2015-09-24","PN",753.29,22.01,6.7,329.37,1.02,4.08,-1
"2015-09-24","P",759.97,6.13,16.7,36.73,0.45,0.45,3.94
"2015-09-24","B",753.26,17.66,36.5,48.42,0.10,0.12,6.16
"2015-09-24","J",749.70,12.29,16.6,74.09,6.35,0.05,9.64
"2015-09-24","T",743.07,28.90,33.9,85.20,10.38,0.10,-1
"2015-09-25","PN",753.27,21.80,6.6,329.37,0.80,3.33,-1
"2015-09-25","P",759.98,6.15,16.7,36.73,0.69,0.45,3.47
"2015-09-25","B",753.23,17.50,36.1,48.42,0.13,0.12,5.39
"2015-09-25","J",749.68,12.03,16.2,74.09,5.70,0.05,8.62
"2015-09-25","T",743.04,28.59,33.6,85.20,9.09,0.10,-1
"2015-09-26","PN",753.26,21.71,6.6,329.37,2.66,3.71,-1
"2015-09-26","P",760.02,6.23,17.0,36.73,1.40,0.45,4.28
"2015-09-26","B",753.22,17.42,36.0,48.42,0.17,0.12,5.28
"2015-09-26","J",749.66,11.83,16.0,74.09,6.28,0.05,8.60
"2015-09-26","T",743.05,28.64,33.6,85.20,13.16,0.10,-1
"2015-09-27","PN",753.26,21.71,6.6,329.37,1.99,1.99,-1
"2015-09-27","P",760.04,6.27,17.1,36.73,0.93,0.45,4.40
"2015-09-27","B",753.21,17.36,35.9,48.42,0.49,0.12,5.40
"2015-09-27","J",749.65,11.73,15.8,74.09,7.35,0.05,8.48
"2015-09-27","T",743.05,28.64,33.6,85.20,12.16,0.10,-1
"2015-09-28","PN",753.26,21.71,6.6,329.37,1.99,1.99,-1
"2015-09-28","P",760.06,6.31,17.2,36.73,0.93,0.45,4.63
"2015-09-28","B",753.23,17.47,36.1,48.42,1.96,0.12,5.20
"2015-09-28","J",749.65,11.73,15.8,74.09,8.58,0.05,8.53
"2015-09-28","T",743.05,28.64,33.6,85.20,12.90,0.10,-1
"2015-09-29","PN",753.26,21.71,6.6,329.37,1.99,1.99,-1
"2015-09-29","P",760.10,6.40,17.4,36.73,1.41,0.45,5.56
"2015-09-29","B",753.25,17.58,36.3,48.42,1.86,0.12,6.03
"2015-09-29","J",749.65,11.73,15.8,74.09,8.98,0.05,8.93
"2015-09-29","T",743.05,28.64,33.6,85.20,12.64,0.10,-1
"2015-09-30","PN",753.26,21.71,6.6,329.37,1.99,1.99,-1
"2015-09-30","P",760.13,6.46,17.6,36.73,1.18,0.45,3.47
"2015-09-30","B",753.26,17.64,36.4,48.42,2.23,0.12,4.94
"2015-09-30","J",749.64,11.62,15.7,74.09,7.23,0.05,8.36
"2015-09-30","T",743.05,28.64,33.6,85.20,12.25,0.10,-1
"2015-10-01","PN",753.28,21.89,6.6,329.37,6.18,4.08,-1
"2015-10-01","P",760.33,6.88,18.7,36.73,6.12,1.21,3.94
"2015-10-01","B",753.28,17.75,36.7,48.42,2.10,0.12,4.64
"2015-10-01","J",749.64,11.62,15.7,74.09,8.48,0.05,8.43
"2015-10-01","T",743.11,29.28,34.4,85.20,19.47,0.10,-1
"2015-10-02","PN",753.30,22.07,6.7,329.37,6.19,4.08,-1
"2015-10-02","P",760.40,7.04,19.2,36.73,2.29,0.54,4.75
"2015-10-02","B",753.27,17.69,36.5,48.42,0.63,0.12,5.90
"2015-10-02","J",749.63,11.52,15.6,74.09,7.23,0.05,8.36
"2015-10-02","T",743.12,29.39,34.5,85.20,13.66,0.10,-1
"2015-10-03","PN",753.33,22.34,6.8,329.37,7.25,4.08,-1
"2015-10-03","P",760.53,7.32,19.9,36.73,3.74,0.45,4.51
"2015-10-03","B",753.27,17.69,36.5,48.42,1.03,0.12,5.42
"2015-10-03","J",749.63,11.52,15.6,74.09,8.41,0.05,8.36
"2015-10-03","T",743.12,29.39,34.5,85.20,13.23,0.10,-1
"2015-10-04","PN",753.35,22.53,6.8,329.37,6.20,4.08,-1
"2015-10-04","P",760.63,7.54,20.5,36.73,3.02,0.45,4.51
"2015-10-04","B",753.27,17.69,36.5,48.42,1.13,0.12,5.52
"2015-10-04","J",749.63,11.52,15.6,74.09,8.42,0.05,8.37
"2015-10-04","T",743.12,29.39,34.5,85.20,13.23,0.10,-1
"2015-10-05","PN",753.33,22.34,6.8,329.37,1.96,4.08,-1
"2015-10-05","P",760.68,7.65,20.8,36.73,1.75,0.45,5.90
"2015-10-05","B",753.28,17.75,36.7,48.42,1.17,0.12,6.31
"2015-10-05","J",749.62,11.42,15.4,74.09,7.16,0.05,8.29
"2015-10-05","T",743.12,29.39,34.5,85.20,12.62,0.10,-1
"2015-10-06","PN",753.32,22.25,6.8,329.37,3.02,4.08,-1
"2015-10-06","P",760.72,7.74,21.1,36.73,1.41,0.37,6.02
"2015-10-06","B",753.29,17.80,36.8,48.42,0.76,0.12,6.02
"2015-10-06","J",749.63,11.52,15.6,74.09,9.52,0.05,8.29
"2015-10-06","T",743.12,29.39,34.5,85.20,12.17,0.10,-1
"2015-10-07","PN",753.30,22.07,6.7,329.37,1.97,4.08,-1
"2015-10-07","P",760.78,7.88,21.5,36.73,1.93,0.35,5.09
"2015-10-07","B",753.29,17.80,36.8,48.42,1.47,0.12,6.44
"2015-10-07","J",749.62,11.42,15.4,74.09,7.08,0.05,8.21
"2015-10-07","T",743.12,29.39,34.5,85.20,12.58,0.10,-1
"2015-10-08","PN",753.28,21.89,6.6,329.37,1.97,4.08,-1
"2015-10-08","P",760.80,7.93,21.6,36.73,1.39,0.86,5.67
"2015-10-08","B",753.28,17.75,36.7,48.42,0.13,0.12,6.32
"2015-10-08","J",749.61,11.32,15.3,74.09,7.08,0.05,8.21
"2015-10-08","T",743.11,29.28,34.4,85.20,11.93,0.10,-1
"2015-10-09","PN",753.26,21.71,6.6,329.37,1.98,4.08,-1
"2015-10-09","P",760.80,7.93,21.6,36.73,0.94,0.94,5.67
"2015-10-09","B",753.28,17.75,36.7,48.42,0.87,0.12,6.42
"2015-10-09","J",749.59,11.12,15.0,74.09,6.65,0.05,8.95
"2015-10-09","T",743.11,29.28,34.4,85.20,13.08,0.10,-1
"2015-10-10","PN",753.25,21.61,6.6,329.37,1.45,2.50,-1
"2015-10-10","P",760.80,7.93,21.6,36.73,1.01,1.01,4.75
"2015-10-10","B",753.27,17.69,36.5,48.42,0.23,0.12,5.50
"2015-10-10","J",749.57,10.91,14.7,74.09,6.20,0.05,8.50
"2015-10-10","T",743.09,29.07,34.1,85.20,10.56,0.10,-1
"2015-10-11","PN",753.24,21.52,6.5,329.37,0.94,1.99,-1
"2015-10-11","P",760.79,7.90,21.5,36.73,0.75,1.01,4.87
"2015-10-11","B",753.26,17.64,36.4,48.42,0.48,0.12,5.87
"2015-10-11","J",749.55,10.71,14.5,74.09,6.51,0.05,8.80
"2015-10-11","T",743.07,28.85,33.9,85.20,11.17,0.10,-1
"2015-10-12","PN",753.23,21.43,6.5,329.37,0.95,1.99,-1
"2015-10-12","P",760.78,7.88,21.5,36.73,0.75,1.01,5.31
"2015-10-12","B",753.25,17.58,36.3,48.42,0.63,0.12,6.46
"2015-10-12","J",749.53,10.51,14.2,74.09,6.81,0.05,9.10
"2015-10-12","T",743.05,28.64,33.6,85.20,10.49,0.10,-1
"2015-10-13","PN",753.22,21.34,6.5,329.37,0.95,1.99,-1
"2015-10-13","P",760.77,7.86,21.4,36.73,0.75,1.01,3.24
"2015-10-13","B",753.21,17.39,35.9,48.42,0.19,0.12,5.53
"2015-10-13","J",749.51,10.36,14.0,74.09,6.09,0.05,7.79
"2015-10-13","T",743.02,28.32,33.2,85.20,9.40,0.10,-1
"2015-10-14","PN",753.21,21.25,6.5,329.37,0.95,1.99,-1
"2015-10-14","P",760.76,7.84,21.3,36.73,0.75,1.01,3.70
"2015-10-14","B",753.19,17.25,35.6,48.42,0.22,0.12,5.38
"2015-10-14","J",749.49,10.11,13.6,74.09,6.14,0.05,9.00
"2015-10-14","T",743.00,28.11,33.0,85.20,10.60,0.10,-1
"2015-10-15","PN",753.21,21.25,6.5,329.37,4.08,4.08,-1
"2015-10-15","P",760.77,7.86,21.4,36.73,0.70,0.44,3.24
"2015-10-15","B",753.17,17.14,35.4,48.42,0.08,0.12,4.46
"2015-10-15","J",749.46,9.81,13.2,74.09,5.37,0.05,8.80
"2015-10-15","T",742.98,27.90,32.7,85.20,10.34,0.10,-1
"2015-10-16","PN",753.21,21.25,6.5,329.37,4.08,4.08,-1
"2015-10-16","P",760.78,7.88,21.5,36.73,0.68,0.42,3.36
"2015-10-16","B",753.15,17.04,35.2,48.42,0.13,0.12,4.63
"2015-10-16","J",749.43,9.51,12.8,74.09,5.11,0.05,8.53
"2015-10-16","T",742.95,27.59,32.4,85.20,9.72,0.10,-1
"2015-10-17","PN",753.21,21.25,6.5,329.37,4.08,4.08,-1
"2015-10-17","P",760.79,7.90,21.5,36.73,0.68,0.42,3.70
"2015-10-17","B",753.13,16.93,35.0,48.42,0.17,0.12,5.00
"2015-10-17","J",749.41,9.31,12.6,74.09,6.24,0.05,8.50
"2015-10-17","T",742.92,27.27,32.0,85.20,9.35,0.10,-1
"2015-10-18","PN",753.21,21.25,6.5,329.37,4.08,4.08,-1
"2015-10-18","P",760.80,7.93,21.6,36.73,0.68,0.42,3.36
"2015-10-18","B",753.12,16.87,34.9,48.42,0.30,0.12,4.17
"2015-10-18","J",749.40,9.21,12.4,74.09,6.40,0.05,7.50
"2015-10-18","T",742.88,26.86,31.5,85.20,7.91,0.10,-1
"2015-10-19","PN",753.22,21.34,6.5,329.37,5.12,4.08,-1
"2015-10-19","P",760.81,7.95,21.6,36.73,0.68,0.42,4.05
"2015-10-19","B",753.11,16.84,34.8,48.42,0.16,0.12,4.46
"2015-10-19","J",749.38,9.01,12.2,74.09,5.25,0.05,7.50
"2015-10-19","T",742.84,26.47,31.1,85.20,7.94,0.10,-1
"2015-10-20","PN",753.22,21.34,6.5,329.37,4.51,4.51,-1
"2015-10-20","P",760.79,7.90,21.5,36.73,0.50,1.03,4.05
"2015-10-20","B",753.10,16.77,34.6,48.42,0.16,0.12,4.96
"2015-10-20","J",749.35,8.71,11.8,74.09,5.58,0.05,8.97
"2015-10-20","T",742.82,26.28,30.8,85.20,9.69,0.10,-1
"2015-10-21","PN",753.21,21.25,6.5,329.37,3.51,4.55,-1
"2015-10-21","P",760.77,7.86,21.4,36.73,0.50,1.03,3.01
"2015-10-21","B",753.09,16.71,34.5,48.42,0.10,0.12,3.61
"2015-10-21","J",749.31,8.32,11.2,74.09,3.91,0.05,8.43
"2015-10-21","T",742.79,25.97,30.5,85.20,9.37,0.10,-1
