"";"a0";"a1";"a3";"V.0";"dp";"sigma"
"2015-04-15 00:00:00";11;0,51;0,59;195328450;3,2e+07;0,0037
"2015-05-10 09:19:19";7,93513132477839;0,898669097433022;0,59;108952050;32000000,0000001;0,00630325638451032
"2015-05-11 09:19:17";7,24918897111012;0,947033847160573;0,59;107970500;32000000,0000001;0,00887772124693736
"2015-05-12 09:04:22";8,08971685967805;0,890856654059423;0,59;106007400;32000000,0000001;0,00710331163410349
"2015-05-13 08:34:18";7,77594671957019;0,909419505580336;0,59;106007400;32000000,0000001;0,00836087548465904
"2015-05-14 09:19:20";9,23503754863352;0,827612295601355;0,59;104044300;32000000,0000001;0,0112688027064095
"2015-05-15 09:19:19";7,99880393282114;0,895000763232449;0,59;103062750;32000000,0000001;0,00645171144034562
"2015-05-16 08:49:25";8,23025163239275;0,883256190337704;0,59;101099650;32000000,0000001;0,00575478261287644
"2015-05-17 09:04:21";7,80830314643554;0,911274572919424;0,59;100118100;32000000,0000001;0,00836576137382493
"2015-05-18 09:19:30";8,35456439653778;0,875294327934716;0,59;98155000,0000001;32000000,0000001;0,00892462695324229
"2015-05-19 10:19:26";9,44476749360551;0,818626429311139;0,59;97173449,9999999;32000000,0000001;0,00965748107228843
"2015-05-20 09:19:28";8,50700803644874;0,869698419098978;0,59;95210349,9999999;32000000,0000001;0,00658057154520437
"2015-05-21 09:19:25";9,55426099274408;0,811749956894001;0,59;94228799,9999999;32000000,0000001;0,00776361534469849
"2015-05-22 09:19:32";9,51607015669935;0,812529355299125;0,59;93247249,9999999;32000000,0000001;0,00794029607788451
"2015-05-23 09:19:17";9,5367776928184;0,815573395819574;0,59;92265700,0000001;32000000,0000001;0,00766938442943966
"2015-05-24 09:04:36";8,78791553243791;0,853771662528227;0,59;91284149,9999999;32000000,0000001;0,00632486728666527
"2015-05-25 09:19:19";9,8253258765545;0,798783975604527;0,59;90302599,9999999;32000000,0000001;0,00759855118559696
"2015-05-26 14:19:35";9,11343569519498;0,837139654804443;0,59;89321050;32000000,0000001;0,00645260022475507
"2015-05-27 09:19:29";9,1457532348345;0,834130674238466;0,59;88339499,9999999;32000000,0000001;0,00621302146862325
"2015-05-28 09:04:27";9,74605896254783;0,801632322665599;0,59;87357950;32000000,0000001;0,00599576189769931
"2015-05-29 09:34:25";9,6622225483461;0,808300888585778;0,59;86376399,9999999;32000000,0000001;0,00649257378990915
"2015-05-30 09:34:45";9,64320846761951;0,811177698206625;0,59;85394850;32000000,0000001;0,00624274502001084
"2015-05-31 09:34:29";9,27648988316932;0,829304786961896;0,59;83431750;32000000,0000001;0,00721212588534144
"2015-06-01 10:04:32";9,74494452522636;0,807471534426831;0,59;82450200,0000001;32000000,0000001;0,00795420778961094
"2015-06-02 09:04:27";10,7105154721358;0,763554653423672;0,59;81468650,0000001;32000000,0000001;0,00841086199235976
"2015-06-03 09:19:34";10,6484658711961;0,763851950149738;0,59;80487100,0000001;32000000,0000001;0,00966093559695012
"2015-06-04 11:12:45";10,2232817033994;0,785857409602711;0,59;79505550;32000000,0000001;0,00815237427086915
"2015-06-05 10:04:37";10,1198632799702;0,787883681421643;0,59;78524000,0000001;32000000,0000001;0,00705226831710182
"2015-06-06 11:34:37";10,9807902471996;0,74878656589414;0,59;76560900,0000001;32000000,0000001;0,00748723526643117
"2015-06-07 10:49:28";11,1853970167956;0,736961662901536;0,59;75579349,9999999;32000000,0000001;0,00670443721489626
"2015-06-08 13:04:37";10,7812000031493;0,757372906474656;0,59;74597800;32000000,0000001;0,007590242188049
"2015-06-09 12:34:23";10,388399258418;0,775761110076768;0,59;74597800;32000000,0000001;0,00751281234893324
"2015-06-10 13:19:24";11,8915134593726;0,709120437397266;0,59;73616249,9999999;32000000,0000001;0,00827198117320996
"2015-06-11 17:48:29";10,1918940202986;0,78563148436468;0,59;72634700,0000001;32000000,0000001;0,00713712307161918
"2015-06-12 10:31:30";11,0715669758109;0,743649838685656;0,59;71653150;32000000,0000001;0,00853126597286848
"2015-06-13 17:44:30";10,2385960677433;0,78271380666433;0,59;70671600;32000000,0000001;0,00600427131665631
"2015-06-14 11:24:16";10,0622916396441;0,794127954143194;0,59;69690050,0000001;32000000,0000001;0,00643413565155941
"2015-06-15 10:44:24";11,0476968684137;0,751181991064356;0,59;68708500,0000001;32000000,0000001;0,00845136239835125
"2015-06-16 11:47:05";10,0340320103296;0,795270655974125;0,59;67726950;32000000,0000001;0,00541585743495489
"2015-06-17 12:04:28";11,2506633275939;0,740819424734079;0,59;65763850,0000001;32000000,0000001;0,00824573532608282
"2015-06-18 10:44:28";10,5552571151323;0,769410486180621;0,59;65763850,0000001;32000000,0000001;0,00759364230002621
"2015-06-19 11:04:25";10,1672541641788;0,787913672231547;0,59;65763850,0000001;32000000,0000001;0,00675656713807063
"2015-06-20 15:18:40";9,94804175549068;0,797696187158322;0,59;65763850,0000001;32000000,0000001;0,0064697458835517
"2015-06-21 13:56:31";10,1239943586391;0,787032378794639;0,59;65763850,0000001;32000000,0000001;0,00658483961241206
"2015-06-22 10:44:23";9,59821666274456;0,809596691797947;0,59;68708500,0000001;32000000,0000001;0,00773356273658051
"2015-06-23 11:24:29";8,98751614106632;0,836645944228571;0,59;70671600;32000000,0000001;0,00588356593852636
"2015-06-24 14:25:59";8,835208311581;0,845404140512171;0,59;72634700,0000001;32000000,0000001;0,00474608292260942
"2015-06-25 11:44:33";8,7716136788654;0,845735596418786;0,59;72634700,0000001;32000000,0000001;0,00450752772350391
"2015-06-26 09:24:40";8,75399463472001;0,848445591044363;0,59;71653150;32000000,0000001;0,00699190990686778
"2015-06-27 09:04:25";9,16863784474021;0,823971307675525;0,59;71653150;32000000,0000001;0,00585463498091978
"2015-06-28 09:04:21";9,06853829133222;0,831739064663342;0,59;71653150;32000000,0000001;0,00428134496101716
"2015-06-29 11:24:23";9,11287416754215;0,826372149146896;0,59;70671600;32000000,0000001;0,00624186946585106
"2015-06-30 11:44:20";9,16445036897382;0,819661918882296;0,59;70671600;32000000,0000001;0,00651327462162781
"2015-07-01 12:04:23";9,03880492457551;0,832800089750073;0,59;69690050,0000001;32000000,0000001;0,00659642805149865
"2015-07-02 10:24:39";9,67975138107083;0,802159025445451;0,59;69690050,0000001;32000000,0000001;0,00687490717726919
"2015-07-03 13:04:27";8,85454828346871;0,841943818203575;0,59;69690050,0000001;32000000,0000001;0,00652221812692976
"2015-07-03 13:24:19";9,7117861607648;0,797103661591867;0,59;69690050,0000001;32000000,0000001;0,00719117724393585
"2015-07-03 13:44:23";8,50505179372282;0,859691902441772;0,59;69690050,0000001;32000000,0000001;0,00386274031219458
"2015-07-04 10:04:20";9,49636339893036;0,805809677282923;0,59;68708500,0000001;32000000,0000001;0,00525128104563958
"2015-07-05 10:44:20";8,9882147264819;0,833809726769697;0,59;67726950;32000000,0000001;0,00429069412882739
"2015-07-06 12:04:19";9,73989249041424;0,798187228531867;0,59;66745400,0000001;32000000,0000001;0,00675406803645804
"2015-07-07 10:44:26";10,5790730556932;0,7540755612675;0,59;66745400,0000001;32000000,0000001;0,0101483622202754
"2015-07-08 11:04:19";9,30169049989265;0,822404666398133;0,59;65763850,0000001;32000000,0000001;0,00637330332293633
"2015-07-09 09:24:31";9,1071710691619;0,830170919466966;0,59;64782300;32000000,0000001;0,00507100134677209
"2015-07-10 09:04:22";9,71029220441139;0,799900399113241;0,59;64782300;32000000,0000001;0,00448038109183116
"2015-07-11 09:04:37";9,62099559963494;0,807871781672547;0,59;63800750,0000001;32000000,0000001;0,00619251797781532
"2015-07-12 09:24:31";9,06542537951857;0,836687149479177;0,59;62819199,9999999;32000000,0000001;0,00570562871189697
"2015-07-13 10:24:34";9,40355753029083;0,821063435717357;0,59;61837650;32000000,0000001;0,00525527614143699
"2015-07-13 17:44:47";9,39815167308781;0,822463142005523;0,59;61837650;32000000,0000001;0,00425505541025139
"2015-07-14 08:44:33";9,49192431074088;0,817180370069895;0,59;61280000;32000000,0000001;0,00719884823728097
"2015-07-15 11:24:31";9,84161592594733;0,803306024381956;0,59;60120000,0000001;32000000,0000001;0,00594150916351721
"2015-07-16 11:44:31";9,53552558720591;0,825924887873162;0,59;58860000;32000000,0000001;0,00587057259614521
"2015-07-17 15:24:29";9,00650524148416;0,851695636742133;0,59;57640000;32000000,0000001;0,00458089618359687
"2015-07-18 09:24:25";9,67416563878107;0,819445357786773;0,59;56599999,9999999;32000000,0000001;0,00650669468364302
"2015-07-19 10:05:45";9,20240657846964;0,845891935146837;0,59;55290000;32000000,0000001;0,00458784039864505
"2015-07-20 10:04:18";9,8111686613646;0,822719329485082;0,59;53940000;32000000,0000001;0,00645257369982632
"2015-07-21 11:24:23";10,0854507483371;0,810908546869318;0,59;53089999,9999999;32000000,0000001;0,00668933449750956
"2015-07-22 10:04:27";9,80620843491644;0,82858027432085;0,59;52100000,0000001;32000000,0000001;0,00613025608815854
"2015-07-23 09:44:32";9,45147541186727;0,833039944209381;0,59;51329999,9999999;32000000,0000001;0,00534432274197802
"2015-07-24 09:24:27";8,9252136287426;0,8635819462545;0,59;50420000,0000001;32000000,0000001;0,00483674850981777
"2015-07-25 09:24:25";11,4087321333657;0,761455062908595;0,59;49890000;32000000,0000001;0,00919540885139247
"2015-07-26 09:04:24";9,3826201057822;0,851286278756711;0,59;50200000,0000001;32000000,0000001;0,00623506474854107
"2015-07-27 12:04:14";9,17494486907513;0,863821428162627;0,59;50400000,0000001;32000000,0000001;0,00492411704359059
"2015-07-28 10:04:26";8,96113205324068;0,873398638473246;0,59;50230000;32000000,0000001;0,00551590045696988
"2015-07-30 00:32:51";11,337789064679;0,766726230864708;0,59;49930000,0000001;32000000,0000001;0,00894193818282566
"2015-07-30 12:24:19";9,56540607389572;0,843838024452047;0,59;49650000,0000001;32000000,0000001;0,00681325366787244
"2015-07-31 11:04:16";9,34373719613564;0,865374112709709;0,59;49209999,9999999;32000000,0000001;0,00686942423926541
"2015-08-03 13:15:52";9,74356562680654;0,844571948511896;0,59;50580000;32000000,0000001;0,00704475907332093
"2015-08-04 11:04:21";9,89327088250086;0,835004325404208;0,59;51050000,0000001;32000000,0000001;0,00806083724568844
"2015-08-05 11:24:37";9,63614038477172;0,828101652280718;0,59;53400000;32000000,0000001;0,0035087561860196
"2015-08-06 12:24:27";10,409646777871;0,809774408800267;0,59;54829999,9999999;32000000,0000001;0,00869896329007271
"2015-08-07 10:44:29";9,09464389172046;0,861240725411413;0,59;56319999,9999999;32000000,0000001;0,00559775232316692
"2015-08-10 10:20:37";8,60071141805069;0,876159610890615;0,59;62700000;32000000,0000001;0,00433238425177583
"2015-08-11 11:44:24";9,19044701889719;0,832926679434868;0,59;65719999,9999999;32000000,0000001;0,00325860160814555
"2015-08-12 16:45:41";9,61309479431112;0,812305299040846;0,59;67709999,9999999;32000000,0000001;0,0052478360966457
"2015-08-13 17:04:30";9,34052110976375;0,8227068762959;0,59;69420000,0000001;32000000,0000001;0,00502753832563288
"2015-08-14 11:24:15";9,21233480277949;0,825010354742736;0,59;72130000,0000001;32000000,0000001;0,00451923763833556
"2015-08-17 10:30:02";9,47170356670261;0,774428517311786;0,59;87079999,9999999;32000000,0000001;0,00428485854180958
"2015-08-18 10:24:25";9,89262902356507;0,739517445406729;0,59;93070000;32000000,0000001;0,00472789237052701
"2015-08-19 09:44:18";9,61398712592174;0,746484331293773;0,59;97719999,9999999;32000000,0000001;0,00367132332712619
"2015-08-20 12:24:26";9,57158259709672;0,747320712783577;0,59;100030000;32000000,0000001;0,00474042391741954
"2015-08-21 09:04:17";9,62281094939649;0,744142038923009;0,59;101870000;32000000,0000001;0,00377908358392858
"2015-08-21 09:24:17";9,5501546053845;0,746892278527462;0,59;101870000;32000000,0000001;0,00433453877796322
"2015-08-22 12:44:19";9,69212183004611;0,739491664483676;0,59;103620000;32000000,0000001;0,00434858114245865
"2015-08-23 10:44:25";9,44386114494319;0,754644084515867;0,59;104690000;32000000,0000001;0,00394472643887176
"2015-08-24 11:04:14";9,802356905282;0,737567154011562;0,59;106110000;32000000,0000001;0,00476030536688026
"2015-08-25 11:04:31";9,78374874976117;0,73332667770244;0,59;108580000;32000000,0000001;0,00583452447042159
"2015-08-26 10:24:16";9,43684420474175;0,759617503227803;0,59;109450000;32000000,0000001;0,00309492290049023
"2015-08-27 11:04:18";9,32809974613057;0,759012880947779;0,59;1,12e+08;32000000,0000001;0,00522805250824129
"2015-08-28 10:44:19";9,75767070941028;0,732330126268494;0,59;114060000;32000000,0000001;0,00391025514920487
"2015-08-31 11:30:13";9,39678721524084;0,77651771028216;0,59;114570000;32000000,0000001;0,0060704580762743
"2015-09-01 11:04:19";9,08158863290462;0,810101919730609;0,59;114470000;32000000,0000001;0,00438376246913419
"2015-09-02 10:44:20";8,84360233514092;0,830289369629649;0,59;114640000;32000000,0000001;0,00322790634014232
"2015-09-03 12:04:12";9,16274188571475;0,807830606542727;0,59;117330000;32000000,0000001;0,0046248728243408
"2015-09-04 11:04:20";8,99581682586459;0,813742994406511;0,59;121060000;32000000,0000001;0,00402607073322682
"2015-09-05 09:24:16";9,45018067663199;0,767021515583023;0,59;126580000;32000000,0000001;0,00383552215260994
"2015-09-06 09:04:19";9,30266637556117;0,772882915229932;0,59;130300000;32000000,0000001;0,00475647109915269
"2015-09-06 09:24:13";9,27010434739879;0,774142017470102;0,59;130300000;32000000,0000001;0,00388701902249012
"2015-09-07 09:04:16";9,28996702258508;0,764302944814308;0,59;134190000;32000000,0000001;0,00396269548366937
"2015-09-07 09:24:11";9,35453323000836;0,76322719065938;0,59;134190000;32000000,0000001;0,00459087448021355
"2015-09-08 11:04:09";9,25228464039581;0,768765342437196;0,59;137230000;32000000,0000001;0,00334530499273542
"2015-09-09 11:04:13";9,49601337008903;0,744613460343421;0,59;140700000;32000000,0000001;0,00462187077033729
"2015-09-10 11:24:16";9,37785498543226;0,756047903383246;0,59;142200000;32000000,0000001;0,00394547050474325
"2015-09-11 10:44:12";9,64619479437478;0,745042934855312;0,59;143730000;32000000,0000001;0,00381317198311455
"2015-09-14 12:28:29";9,68497731458077;0,728512361786999;0,59;152840000;32000000,0000001;0,00360373615876055
"2015-09-15 11:04:19";9,63641679870168;0,726523691290069;0,59;155400000;32000000,0000001;0,00537094890646688
"2015-09-16 10:44:24";9,62161895414221;0,731610344689247;0,59;157480000;32000000,0000001;0,00366740594882743
"2015-09-17 10:24:24";9,87581666344685;0,704263553319638;0,59;160130000;32000000,0000001;0,00287058875006728
"2015-09-18 10:44:24";10,6528447309431;0,623649476832327;0,59;163470000;32000000,0000001;0,00556930610763219
"2015-09-19 10:04:28";10,0365342699958;0,657585518361341;0,59;168260000;32000000,0000001;0,00366088219575168
"2015-09-20 09:24:15";10,352602129753;0,607675124909952;0,59;173040000;32000000,0000001;0,00289564428139638
"2015-09-21 11:44:19";10,5536592658146;0,565998947908989;0,59;176680000;32000000,0000001;0,00319066446832216
"2015-09-22 12:04:23";10,9048124062576;0,520966854496648;0,59;179130000;32000000,0000001;0,00325963207055275
"2015-09-23 09:44:13";11,3641128522594;0,454662282817474;0,59;181130000;32000000,0000001;0,00409427926861764
"2015-09-24 09:44:15";11,01532211446;0,491150050931396;0,59;182890000;32000000,0000001;0,00350581808930753
"2015-09-26 10:35:11";11,0992481171205;0,468065019732182;0,59;185590000;32000000,0000001;0,0032309040896909
"2015-09-27 17:04:25";10,8029611919171;0,509638206930749;0,59;186740000;32000000,0000001;0,00296824575512284
"2015-09-28 11:04:19";11,4562693631259;0,417812845659301;0,59;187600000;32000000,0000001;0,00324419048073717
"2015-09-29 12:04:29";11,0836139881986;0,471772307821944;0,59;188510000;32000000,0000001;0,00289603520843522
"2015-09-30 10:24:21";11,4850958261548;0,419285840892366;0,59;188910000;32000000,0000001;0,0044083041846629
"2015-10-01 12:30:25";11,5369635473923;0,412859150206051;0,59;189340000;32000000,0000001;0,00364511976026756
"2015-10-02 10:24:29";11,2781973465889;0,448969899758001;0,59;189560000;32000000,0000001;0,00434857039670728
"2015-10-03 08:44:15";11,1134494005769;0,475596375145027;0,59;190290000;32000000,0000001;0,00291312689157911
"2015-10-03 09:24:19";11,2754874194363;0,462739925270077;0,59;190290000;32000000,0000001;0,00344971571651909
"2015-10-04 08:44:13";11,3635730319785;0,440262346181758;0,59;192330000;32000000,0000001;0,003703249332911
"2015-10-04 09:24:23";11,523746885606;0,409357906800484;0,59;192330000;32000000,0000001;0,00323816554034117
"2015-10-05 10:44:17";11,0584837718584;0,462650591602435;0,59;193360000;32000000,0000001;0,00507975875816468
"2015-10-06 11:04:17";11,3946318201107;0,43029589588642;0,59;193930000;32000000,0000001;0,00284522168009891
"2015-10-07 10:24:14";11,3806641102361;0,434378094650621;0,59;194830000;32000000,0000001;0,00399268864943223
"2015-10-08 13:39:36";11,564461963734;0,401353675865133;0,59;195120000;32000000,0000001;0,0039796616965532
"2015-10-09 12:59:03";11,0342018098339;0,47803911802282;0,59;195380000;32000000,0000001;0,0039856375144664
"2015-10-10 15:44:20";11,4348628676066;0,418868068238593;0,59;195530000;32000000,0000001;0,00334409067846694
"2015-10-11 09:24:14";11,1336299181118;0,462094735176477;0,59;195600000;32000000,0000001;0,00266903664667914
"2015-10-12 13:44:19";11,6572569825912;0,385369108797386;0,59;195650000;32000000,0000001;0,0037496011175268
"2015-10-13 10:44:15";11,2511888696306;0,441814067087739;0,59;195740000;32000000,0000001;0,00294207400796524
"2015-10-14 10:24:14";11,2546987468922;0,440313521801618;0,59;195880000;32000000,0000001;0,00289930908054248
"2015-10-15 09:04:12";11,5300958181676;0,397769000072596;0,59;195740000;32000000,0000001;0,0038264504045379
"2015-10-15 09:24:17";11,6321145875585;0,384482872785629;0,59;195740000;32000000,0000001;0,00301385473379053
"2015-10-16 11:04:21";12,1204857355886;0,31882037213698;0,59;195660000;32000000,0000001;0,00340502612452222
"2015-10-17 10:04:40";11,7791210988873;0,347666938920017;0,59;196590000;32000000,0000001;0,00403694921399012
"2015-10-18 11:44:23";11,5319807722961;0,377124251058308;0,59;196920000;32000000,0000001;0,00330650559335213
"2015-10-19 10:44:26";11,4093451930388;0,403984046616415;0,59;197110000;32000000,0000001;0,00316482951400692
"2015-10-20 11:44:14";11,5117386208422;0,37855624506362;0,59;197410000;32000000,0000001;0,00348441557714127
"2015-10-21 10:04:25";11,5832270239311;0,372728718961807;0,59;197450000;32000000,0000001;0,00362105080852649
"2015-10-22 10:44:22";12,0168065847107;0,309355013874619;0,59;197370000;32000000,0000001;0,00435711948945733
"2015-10-23 10:04:17";11,950838699179;0,318009582182078;0,59;197320000;32000000,0000001;0,00301643053682351
"2015-10-24 08:44:22";11,6131901751505;0,35362432739544;0,59;197380000;32000000,0000001;0,00415316380317852
"2015-10-24 09:24:15";11,5058042915382;0,34585394886922;0,59;197380000;32000000,0000001;0,00695610463109744
"2015-10-25 09:24:21";11,8130845302885;0,339251573219857;0,59;196870000;32000000,0000001;0,00326121360069704
"2015-10-26 11:44:16";11,5358556771989;0,367469279372134;0,59;196590000;32000000,0000001;0,00368884019596392
"2015-10-27 10:24:20";11,309542168202;0,397643027136283;0,59;195870000;32000000,0000001;0,00448452717061679
"2015-10-28 10:44:28";11,8818390274348;0,345758563625819;0,59;195330000;32000000,0000001;0,00287395482746853
"2015-10-29 09:24:13";11,5571704942661;0,374278440679416;0,59;194760000;32000000,0000001;0,00409503014216862
"2015-10-30 10:24:34";11,8652739092448;0,325152773943747;0,59;194290000;32000000,0000001;0,00524194225442188
"2015-10-31 10:24:21";11,588295775138;0,380526952024001;0,59;193870000;32000000,0000001;0,00328619450738137
"2015-11-01 10:24:14";12,0542460575124;0,316723276264514;0,59;193690000;32000000,0000001;0,00401903664085424
"2015-11-02 11:04:34";11,8414039623295;0,33606952344648;0,59;193490000;32000000,0000001;0,00451030988903057
"2015-11-03 13:07:59";11,8079350720713;0,352086745029351;0,59;193170000;32000000,0000001;0,0034616910986323
"2015-11-04 11:04:12";12,0263273131511;0,3284938235633;0,59;192720000;32000000,0000001;0,00339632064001193
"2015-11-05 09:44:26";12,2343373344074;0,294724816584132;0,59;192360000;32000000,0000001;0,00421532386110172
"2015-11-06 11:04:16";12,1756462016796;0,308286821482127;0,59;191960000;32000000,0000001;0,00452225282641724
"2015-11-08 20:40:31";11,4653681371654;0,388120977499118;0,59;194210000;32000000,0000001;0,004060938621479
"2015-11-09 10:44:21";11,3808931578814;0,395690017271831;0,59;194150000;32000000,0000001;0,0041928039417072
"2015-11-10 13:24:15";11,7005200977116;0,355370250855938;0,59;194140000;32000000,0000001;0,00598553805651221
"2015-11-11 10:44:13";11,6477608926779;0,367439583015276;0,59;194080000;32000000,0000001;0,00304617022658295
"2015-11-12 11:24:16";11,4319835918195;0,402912143604928;0,59;193920000;32000000,0000001;0,00248953889327391
"2015-11-13 10:24:17";11,4515369954246;0,398664416659134;0,59;193690000;32000000,0000001;0,0031865604406702
"2015-11-14 10:04:24";11,8276458686001;0,361543648966335;0,59;193570000;32000000,0000001;0,00333833038495433
"2015-11-15 09:24:23";11,6766550817011;0,375816777908319;0,59;193660000;32000000,0000001;0,00340776884850864
"2015-11-16 10:04:19";11,7667938809903;0,374957641829278;0,59;193720000;32000000,0000001;0,00430094719866486
"2015-11-17 10:24:16";11,637211205861;0,380702477995066;0,59;193620000;32000000,0000001;0,00486621320848388
"2015-11-18 10:44:35";11,9962568353594;0,352846786515065;0,59;193440000;32000000,0000001;0,00383492950652123
"2015-11-19 11:04:23";11,5983067458794;0,390879260525947;0,59;193030000;32000000,0000001;0,00487005531610817
"2015-11-20 09:24:22";11,6717033753666;0,391058200207221;0,59;192680000;32000000,0000001;0,00579577796292942
"2015-11-21 09:44:17";11,6673649571678;0,392311602839972;0,59;192360000;32000000,0000001;0,00386709672642543
"2015-11-22 10:04:22";11,813302976929;0,381719795859508;0,59;191960000;32000000,0000001;0,00385506989318195
"2015-11-23 10:04:20";11,6379198336615;0,398262830604573;0,59;191590000;32000000,0000001;0,00451916931141822
"2015-11-24 11:24:34";11,9173840571399;0,382847329590124;0,59;191180000;32000000,0000001;0,00452802029216781
"2015-11-25 11:24:23";11,5147917346398;0,416829046710347;0,59;191330000;32000000,0000001;0,00507091561948849
"2015-11-26 11:04:17";11,2492045823766;0,445652861373345;0,59;191430000;32000000,0000001;0,00311258849087242
"2015-11-27 10:04:26";11,4221400644326;0,432264125575809;0,59;192310000;32000000,0000001;0,00317951218905379
"2015-11-28 10:04:23";11,3873184844122;0,429400159156506;0,59;1,94e+08;32000000,0000001;0,00479795211210601
"2015-11-29 09:04:39";11,1895675700901;0,447050132034955;0,59;195390000;32000000,0000001;0,0038527203757685
"2015-11-29 10:44:26";10,4574728956697;0,512894298043977;0,59;195390000;32000000,0000001;0,00268924224877733
"2015-11-30 10:44:23";10,939854599849;0,471468378508722;0,59;196560000;32000000,0000001;0,00376020001381019
"2015-12-01 11:24:17";10,5545411976995;0,502281209694715;0,59;197380000;32000000,0000001;0,00282001375611909
"2015-12-02 10:44:25";10,6013761323337;0,496874084972215;0,59;197930000;32000000,0000001;0,00451101425792666
"2015-12-03 17:12:27";10,8240017574706;0,487796895611011;0,59;198260000;32000000,0000001;0,00425188413704479
"2015-12-04 09:44:27";10,8811371921512;0,487495095742623;0,59;198340000;32000000,0000001;0,00391708547712492
"2015-12-05 09:04:26";10,909044059728;0,487938927111818;0,59;198370000;32000000,0000001;0,00437807501789271
"2015-12-05 09:24:23";10,3378605818699;0,530691692069426;0,59;198370000;32000000,0000001;0,00295468222706719
"2015-12-06 09:24:25";10,3897569082164;0,532102994245413;0,59;198110000;32000000,0000001;0,00248224734016619
"2015-12-07 10:44:22";10,8251416477257;0,505719996219291;0,59;197510000;32000000,0000001;0,00490080906194535
"2015-12-08 08:48:47";10,4342359604926;0,530811904087828;0,59;197510000;32000000,0000001;0,00369759330847357
"2015-12-08 11:04:19";10,0630782425994;0,568389806654055;0,59;197230000;32000000,0000001;0,00350062241598901
"2015-12-09 14:25:16";10,2455127095128;0,561707206249044;0,59;197030000;32000000,0000001;0,00330964745995023
"2015-12-10 15:04:20";10,3734388790156;0,559999838002344;0,59;196690000;32000000,0000001;0,00443456410174219
"2015-12-11 11:04:16";10,0231148123237;0,594136893420911;0,59;196230000;32000000,0000001;0,0043911572177832
"2015-12-12 11:24:27";9,94767044828255;0,60999022032184;0,59;195780000;32000000,0000001;0,00395254158525475
"2015-12-13 10:04:27";9,21480855438329;0,662911057031484;0,59;195740000;32000000,0000001;0,00361399967307662
"2015-12-14 11:44:28";9,40296714220547;0,663260667414885;0,59;195690000;32000000,0000001;0,00528801639506624
"2015-12-15 10:44:16";8,94120065515647;0,697366707670605;0,59;195520000;32000000,0000001;0,00421458947002222
"2015-12-16 11:04:31";8,69768685093688;0,727321137851033;0,59;195740000;32000000,0000001;0,00388370732922886
"2015-12-17 11:04:29";8,56445999638839;0,748632579071241;0,59;195950000;32000000,0000001;0,00379619850528139
"2015-12-18 11:24:24";8,9817870797877;0,729644268396602;0,59;196010000;32000000,0000001;0,0045897915544249
"2015-12-19 09:24:26";8,56762486054507;0,752805553104188;0,59;195880000;32000000,0000001;0,00458796568872879
"2015-12-20 09:24:30";8,33253767191218;0,779083664240977;0,59;195550000;32000000,0000001;0,0040169375370171
"2015-12-21 11:04:26";8,10377507716337;0,806587585716225;0,59;195480000;32000000,0000001;0,00476754096352138
"2015-12-22 10:44:29";8,30717782798138;0,790115400851991;0,59;195750000;32000000,0000001;0,00561105104554544
"2015-12-23 10:24:29";8,08273206009973;0,808350809009428;0,59;195970000;32000000,0000001;0,00360991416799467
"2015-12-24 12:24:15";8,00639875652804;0,819940691180781;0,59;195740000;32000000,0000001;0,0034500468376541
"2015-12-25 11:44:24";7,9823978011728;0,828182086759341;0,59;195530000;32000000,0000001;0,00615125770139918
"2015-12-26 09:44:30";8,10431088694548;0,815618621610907;0,59;195540000;32000000,0000001;0,00466143323803285
"2015-12-27 09:44:19";7,82615811964436;0,836731182763957;0,59;195220000;32000000,0000001;0,00343252591443379
"2015-12-28 08:44:43";7,87635360728186;0,839546062046525;0,59;194840000;32000000,0000001;0,00478456122986898
"2015-12-28 09:24:23";7,79803289808841;0,852410946063066;0,59;194840000;32000000,0000001;0,00523433387030878
"2015-12-29 11:44:29";7,70306195658322;0,863377443249967;0,59;194390000;32000000,0000001;0,00458280086520771
"2015-12-30 09:24:24";7,4912716633157;0,875255094907252;0,59;193800000;32000000,0000001;0,00476140508389528
"2015-12-31 09:04:41";7,92562593084628;0,866097023552526;0,59;193740000;32000000,0000001;0,00584080887673857
"2016-01-01 09:04:57";7,43565683835201;0,883479548060096;0,59;193610000;32000000,0000001;0,00447819108855211
"2016-01-02 09:24:28";7,56674475845149;0,875236802044534;0,59;193310000;32000000,0000001;0,00493185813669264
"2016-01-03 09:04:33";7,84905962294985;0,849962742088429;0,59;193150000;32000000,0000001;0,00537708896791405
"2016-01-04 09:24:35";7,63333404314154;0,872876724873454;0,59;193020000;32000000,0000001;0,00503617218579942
"2016-01-06 12:06:30";7,42640816655144;0,886332221131237;0,59;192730000;32000000,0000001;0,00490076326075667
"2016-01-06 12:14:44";7,56998948350529;0,878655483245891;0,59;192480000;32000000,0000001;0,00585793663333139
"2016-01-07 11:04:33";7,66364490990358;0,874776037646728;0,59;1,92e+08;32000000,0000001;0,00567857548171882
"2016-01-08 09:24:36";7,40202738176644;0,889333566998259;0,59;191560000;32000000,0000001;0,00578267371628945
"2016-01-09 09:24:34";7,4476796339619;0,891078648034775;0,59;191210000;32000000,0000001;0,00353647858425686
"2016-01-10 09:24:25";7,60388993551976;0,877063586853641;0,59;190800000;32000000,0000001;0,00624847365488897
"2016-01-11 10:04:30";7,30229514001298;0,898460058263311;0,59;190440000;32000000,0000001;0,0046434859926675
"2016-01-12 09:24:30";7,85913107721151;0,855237886661451;0,59;189960000;32000000,0000001;0,00559556281476389
"2016-01-13 11:24:32";7,77155909630276;0,857768002389943;0,59;189440000;32000000,0000001;0,00435346399479711
"2016-01-14 09:24:34";7,59960010215973;0,872431664731383;0,59;188860000;32000000,0000001;0,00592262344290343
"2016-01-15 09:24:33";7,92947127620508;0,850272306330307;0,59;188270000;32000000,0000001;0,00487466733044287
"2016-01-16 22:17:54";7,49350152673434;0,882432728743806;0,59;187620000;32000000,0000001;0,00382508954267382
"2016-01-17 09:06:42";7,44294068714154;0,90451608904037;0,59;186980000;32000000,0000001;0,00503155216268505
"2016-01-18 09:17:53";6,92943328801566;0,939839267566761;0,59;186330000;32000000,0000001;0,00382437719351363
"2016-01-19 10:24:19";6,7732770373244;0,957879294973126;0,59;185690000;32000000,0000001;0,00426660084908644
"2016-01-20 09:28:49";6,54147155708473;0,98425762787975;0,59;185130000;32000000,0000001;0,00383900774822856
"2016-01-21 09:24:30";6,28873363556846;1,00725229462437;0,59;184750000;32000000,0000001;0,00405339685084083
"2016-01-22 09:31:13";6,02763165199553;1,03608433263624;0,59;184940000;32000000,0000001;0,00453607815155513
"2016-01-23 09:35:39";6,20343697186958;1,03136289990261;0,59;185140000;32000000,0000001;0,00626289121455996
"2016-01-24 09:44:28";6,19343768260433;1,02261422515086;0,59;184990000;32000000,0000001;0,00437051250935631
"2016-01-25 09:46:44";5,75481566259956;1,06438528644073;0,59;184690000;32000000,0000001;0,00451448726699206
"2016-01-26 09:51:07";6,08502430070384;1,03648193242391;0,59;184230000;32000000,0000001;0,00583144950732209
"2016-01-27 09:26:30";6,35823364848457;1,02010422748903;0,59;183870000;32000000,0000001;0,00549851727110451
"2016-01-28 10:24:16";5,60748148031423;1,08182650274205;0,59;183290000;32000000,0000001;0,0066846424035662
"2016-01-29 11:08:44";6,06044052977794;1,03515462207724;0,59;182580000;32000000,0000001;0,00521511981050205
"2016-01-30 15:44:14";5,89888550728101;1,05480720437795;0,59;181830000;32000000,0000001;0,00276261357236351
"2016-01-31 09:13:36";5,55530116368118;1,08343312165057;0,59;180850000;32000000,0000001;0,00378504359691648
"2016-02-01 11:04:22";5,99649215540659;1,0436786796229;0,59;179770000;32000000,0000001;0,00485048870199316
"2016-02-02 13:07:03";6,09519711823187;1,04387393899275;0,59;178750000;32000000,0000001;0,00372896368975808
"2016-02-03 12:26:44";6,02282275583054;1,04069856184454;0,59;177690000;32000000,0000001;0,00473003826703384
"2016-02-04 15:09:05";6,48279361601404;0,996601679319294;0,59;176570000;32000000,0000001;0,00572445536913444
"2016-02-05 10:24:33";6,1826728235924;1,02509894770577;0,59;175480000;32000000,0000001;0,00481083957940367
"2016-02-06 10:45:01";6,41399622171792;1,00554536933931;0,59;174430000;32000000,0000001;0,00408889403760516
"2016-02-08 15:06:12";6,91370184723523;0,958848636935947;0,59;172270000;32000000,0000001;0,00604405013020076
"2016-02-09 10:04:12";6,96589361360205;0,953394531379113;0,59;171100000;32000000,0000001;0,00528039937942355
"2016-02-10 10:04:17";7,74586972672277;0,891185718843355;0,59;170090000;32000000,0000001;0,00642707225833185
"2016-02-11 11:44:27";7,07457158582841;0,934201486252922;0,59;168900000;32000000,0000001;0,00673395521485857
"2016-02-12 11:04:16";7,28082192768907;0,915866766544973;0,59;167750000;32000000,0000001;0,00713664268860011
"2016-02-13 09:44:26";8,30923748209215;0,839798601025356;0,59;166610000;32000000,0000001;0,00810778355283968
"2016-02-14 09:24:22";8,6810476707401;0,82639038193536;0,59;165370000;32000000,0000001;0,00776087072947735
"2016-02-15 09:26:27";8,90322019467657;0,806400538076989;0,59;164160000;32000000,0000001;0,00958257043584594
"2016-02-16 10:44:14";8,65394028125612;0,816117627174521;0,59;162900000;32000000,0000001;0,00979447418768862
"2016-02-17 10:24:26";9,26920458072753;0,778919771611262;0,59;161690000;32000000,0000001;0,0104036896108908
"2016-02-18 10:46:37";8,57371026826446;0,817354478886307;0,59;160550000;32000000,0000001;0,0092213138738404
"2016-02-19 10:04:21";9,76386846894678;0,742887281195364;0,59;159400000;32000000,0000001;0,0104741514705189
"2016-02-20 09:04:28";9,57392733081319;0,75413508289293;0,59;158170000;32000000,0000001;0,0105542501122112
"2016-02-21 09:24:22";8,50972738711272;0,82373183014236;0,59;157160000;32000000,0000001;0,00897796085366724
"2016-02-22 12:04:11";9,38396683729737;0,775328114373827;0,59;156130000;32000000,0000001;0,00864862258810444
"2016-02-23 11:04:18";8,99750984535553;0,792102231150757;0,59;155240000;32000000,0000001;0,00964162302434245
"2016-02-24 10:26:21";8,42457052202225;0,820699414770367;0,59;154830000;32000000,0000001;0,00928888339321534
"2016-02-25 10:44:20";9,38505999205946;0,769617748657093;0,59;154230000;32000000,0000001;0,00927809682266171
"2016-02-26 09:44:19";8,8962142500927;0,791063662277316;0,59;153430000;32000000,0000001;0,00950766442965819
"2016-02-27 08:44:19";9,25860725393227;0,771787596841397;0,59;152530000;32000000,0000001;0,00985376507818491
"2016-02-27 09:04:30";8,70659350115118;0,802635034022943;0,59;152530000;32000000,0000001;0,00907572051940281
"2016-02-28 09:44:13";8,84816370805675;0,792473148256012;0,59;151630000;32000000,0000001;0,00961542803247877
"2016-02-29 10:24:22";9,97116084049246;0,734408431038861;0,59;150700000;32000000,0000001;0,00957684916750736
"2016-03-01 10:44:20";9,14204039664215;0,781877327305529;0,59;149930000;32000000,0000001;0,00901301954801709
"2016-03-02 10:24:14";9,12163682088756;0,778309708386272;0,59;148990000;32000000,0000001;0,0085376451521814
"2016-03-03 16:41:49";9,46441759786351;0,75439665827788;0,59;148420000;32000000,0000001;0,00938850489103614
"2016-03-04 11:04:43";9,0029220092517;0,788192954917611;0,59;147510000;32000000,0000001;0,00863968772646197
"2016-03-05 10:04:13";8,4540038171995;0,812958939614634;0,59;146850000;32000000,0000001;0,00847230070216004
"2016-03-06 10:44:14";9,05202350913666;0,780690636639477;0,59;146990000;32000000,0000001;0,00812347357777177
"2016-03-07 10:04:16";8,26101741083211;0,824603719258565;0,59;150770000;32000000,0000001;0,00857943954326255
"2016-03-08 12:05:02";10,1000870171133;0,730165627815194;0,59;152730000;32000000,0000001;0,0082652699955062
"2016-03-09 10:44:13";6,64473963696054;0,935241110599705;0,59;154290000;32000000,0000001;0,00773249166270555
"2016-03-10 09:46:36";6,08809402446666;0,98075002370996;0,59;157510000;32000000,0000001;0,0074127330738657
"2016-03-11 09:44:27";7,88378545290066;0,85017321395574;0,59;159810000;32000000,0000001;0,00857578396048286
"2016-03-12 11:51:01";6,7597156641419;0,93023393470177;0,59;161280000;32000000,0000001;0,00871558909365532
"2016-03-13 14:44:24";6,32733625682491;0,959594607826323;0,59;161750000;32000000,0000001;0,00742891712709279
"2016-03-14 12:04:12";7,17250329978752;0,897445728186133;0,59;162060000;32000000,0000001;0,00852896967083899
"2016-03-15 14:33:52";11,690332826802;0,651384371437642;0,59;162030000;32000000,0000001;0,00898362348841246
"2016-03-16 09:24:13";9,58492531329573;0,754672457134035;0,59;161790000;32000000,0000001;0,00740496742723166
"2016-03-17 09:06:21";9,78056031685279;0,738801769876961;0,59;161460000;32000000,0000001;0,00796139475725513
"2016-03-19 14:01:36";8,18522320570054;0,821489069968794;0,59;160390000;32000000,0000001;0,00841383816953626
"2016-03-20 10:44:13";7,50768087982398;0,86629209732385;0,59;159800000;32000000,0000001;0,00695645152111811
"2016-03-21 15:19:52";10,9020004674517;0,67742153602003;0,59;159040000;32000000,0000001;0,00822968983577185
"2016-03-22 11:46:21";8,87995537447042;0,777269457866652;0,59;158220000;32000000,0000001;0,00752574997061037
"2016-03-23 10:08:41";9,37602725640567;0,746862564364394;0,59;157320000;32000000,0000001;0,00696727416214194
"2016-03-24 11:35:06";10,0192931108282;0,715391672513663;0,59;158190000;32000000,0000001;0,00809982076901006
"2016-03-25 09:30:51";11,5969879299626;0,64064868527167;0,59;158730000;32000000,0000001;0,00822793358395654
"2016-03-26 10:55:23";11,6196165935611;0,635831962660199;0,59;158860000;32000000,0000001;0,00849729476176714
"2016-03-27 09:35:24";9,39396819756452;0,739259005768025;0,59;159380000;32000000,0000001;0,00743294902675224
"2016-03-28 10:46:33";9,09792311812812;0,755089336934014;0,59;159440000;32000000,0000001;0,00778240757821879
"2016-03-29 15:15:18";10,2232938381043;0,694709640533775;0,59;160690000;32000000,0000001;0,00798242695144036
"2016-03-30 09:33:06";9,68634064152946;0,725693984846929;0,59;162020000;32000000,0000001;0,00825494092356813
"2016-03-31 09:37:25";11,6486577692043;0,604589825157923;0,59;163040000;32000000,0000001;0,00785033271139483
"2016-04-01 11:04:23";13,2776038926543;0,556652737577649;0,59;163710000;32000000,0000001;0,00878990318944202
"2016-04-02 09:26:31";12,9754099667715;0,576448016713693;0,59;163920000;32000000,0000001;0,00996935715201041
"2016-04-03 09:24:10";14,5140535268573;0,496278104179478;0,59;163800000;32000000,0000001;0,00876408220690468
"2016-04-04 10:24:14";11,2162242374944;0,652191978268899;0,59;163310000;32000000,0000001;0,00914482346355063
"2016-04-05 09:28:43";10,0651090029883;0,700809006159271;0,59;163090000;32000000,0000001;0,0084630332999885
"2016-04-06 10:04:29";11,6764844995991;0,633159600706538;0,59;162510000;32000000,0000001;0,00935320264599808
"2016-04-08 15:26:15";14,2091750044768;0,536865530555874;0,59;161790000;32000000,0000001;0,00937472261690814
"2016-04-09 10:04:24";11,0780325681238;0,651026033503077;0,59;161460000;32000000,0000001;0,00852526629131724
"2016-04-10 11:44:19";9,47341738978887;0,733255601663405;0,59;160890000;32000000,0000001;0,00839592783137451
"2016-04-11 10:04:22";13,273946723849;0,571369757024535;0,59;160230000;32000000,0000001;0,00891408990249833
"2016-04-12 09:28:40";10,5772332828007;0,680222792240328;0,59;159520000;32000000,0000001;0,00808332893137218
"2016-04-13 10:53:35";11,8433095951689;0,611236962126824;0,59;158770000;32000000,0000001;0,00736862929936867
"2016-04-14 09:44:22";10,5755783457602;0,686446810741258;0,59;157940000;32000000,0000001;0,0084577559685591
"2016-04-15 09:44:37";14,256015721084;0,529673415030863;0,59;156970000;32000000,0000001;0,00845486753930949
"2016-04-16 09:44:20";13,1102573459658;0,573168433050686;0,59;156060000;32000000,0000001;0,00794850403588432
"2016-04-17 09:44:15";13,809439061285;0,549017101984841;0,59;155210000;32000000,0000001;0,00814409460002033
"2016-04-18 16:46:56";15,4379890266843;0,497431873457649;0,59;154100000;32000000,0000001;0,00861307796380818
"2016-04-19 10:44:18";14,449504677377;0,526567442762545;0,59;153630000;32000000,0000001;0,00824949045229686
"2016-04-20 10:06:19";14,5163451894543;0,528316003880708;0,59;154460000;32000000,0000001;0,00796551838158643
"2016-04-21 10:04:24";13,2353508925874;0,571451972309675;0,59;154330000;32000000,0000001;0,00813666261164324
"2016-04-22 09:24:19";14,8394453821749;0,514875630855168;0,59;153860000;32000000,0000001;0,00785565564984092
"2016-04-23 11:04:08";11,9639360459217;0,625637114419443;0,59;153610000;32000000,0000001;0,00763501245219735
"2016-04-24 09:44:22";13,5551208980663;0,56209689577321;0,59;155740000;32000000,0000001;0,00786255017044387
"2016-04-25 09:39:23";16,3899209367183;0,469066713949275;0,59;157480000;32000000,0000001;0,00868418954769462
"2016-04-26 09:44:18";13,9409194795585;0,551027950430546;0,59;157620000;32000000,0000001;0,00807737368918805
"2016-04-27 09:04:19";15,264192810869;0,494270687663052;0,59;157580000;32000000,0000001;0,00806330828452516
"2016-04-27 09:24:15";13,80152417442;0,541791003735972;0,59;157580000;32000000,0000001;0,00778282188309322
"2016-04-28 09:30:53";13,1683101788591;0,571146250826939;0,59;157500000;32000000,0000001;0,00753333273304421
"2016-04-28 11:52:39";14,8440254859459;0,526153926084165;0,59;157500000;32000000,0000001;0,00822832683794371
"2016-04-29 10:44:15";15,5315232910446;0,493890680586499;0,59;157490000;32000000,0000001;0,00775711756139917
"2016-04-30 11:24:18";14,5863267237388;0,531649239857524;0,59;158340000;32000000,0000001;0,00825357239331143
"2016-05-01 13:26:29";13,6262361236939;0,557729518874195;0,59;160750000;32000000,0000001;0,00788008858669508
"2016-05-02 09:24:22";12,9775465862315;0,580557546889929;0,59;162020000;32000000,0000001;0,00718115756844887
"2016-05-03 09:24:27";13,300757778996;0,568145880598196;0,59;164480000;32000000,0000001;0,00749871214097781
"2016-05-04 09:44:24";12,2456275989916;0,598163991656166;0,59;165970000;32000000,0000001;0,00724910925740044
"2016-05-05 09:24:31";12,5740022169717;0,593613226178759;0,59;167060000;32000000,0000001;0,00691503182155172
"2016-05-06 10:04:24";12,8684286952137;0,579200829674818;0,59;167580000;32000000,0000001;0,00684063041924669
"2016-05-07 09:04:21";15,1731855533537;0,502973266545873;0,59;168050000;32000000,0000001;0,0078461414142891
"2016-05-07 09:24:25";13,6891529856231;0,555541630583458;0,59;168050000;32000000,0000001;0,00725820122175207
"2016-05-08 09:24:27";15,8520112895361;0,480085434323029;0,59;168710000;32000000,0000001;0,0085272725911313
"2016-05-09 11:36:56";14,5475583064207;0,518041962734783;0,59;169050000;32000000,0000001;0,00722868502977641
"2016-05-10 10:44:23";13,3188148974261;0,570455238425793;0,59;169850000;32000000,0000001;0,00736498084540182
"2016-05-11 09:50:48";14,509475904803;0,525636282051066;0,59;170860000;32000000,0000001;0,0073757568956267
"2016-05-12 10:06:26";14,9287501264502;0,516297236751748;0,59;171240000;32000000,0000001;0,00695262958502525
"2016-05-13 09:24:20";13,8470985860673;0,555958054942341;0,59;171790000;32000000,0000001;0,00733541092066187
"2016-05-14 09:44:08";15,6818216225997;0,497711692630677;0,59;172250000;32000000,0000001;0,00718553738373997
"2016-05-15 11:04:19";15,619017935972;0,493134691986124;0,59;172310000;32000000,0000001;0,00738753852407409
"2016-05-16 09:44:28";15,8040315849802;0,493044523506334;0,59;174310000;32000000,0000001;0,00805321992474952
"2016-05-17 09:44:18";15,5018322027233;0,508599854525022;0,59;175030000;32000000,0000001;0,00742915168208541
"2016-05-18 15:37:58";16,237840305281;0,480642831577077;0,59;176770000;32000000,0000001;0,0075296467522858
"2016-05-19 09:24:26";15,2983967063383;0,517099539827985;0,59;178880000;32000000,0000001;0,00747438734092562
"2016-05-20 09:24:11";16,060119272039;0,498728138674174;0,59;180210000;32000000,0000001;0,00745329171903603
"2016-05-21 09:04:12";16,1403137940407;0,483542330064967;0,59;181800000;32000000,0000001;0,00738760053345149
"2016-05-21 09:24:21";14,9425795897343;0,515485807476686;0,59;181800000;32000000,0000001;0,00697362024574469
"2016-05-22 09:44:17";14,7245656197754;0,551848947405013;0,59;183900000;32000000,0000001;0,00748322636569074
"2016-05-23 13:54:39";15,7514008737238;0,510092521511133;0,59;185780000;32000000,0000001;0,00731540729954405
"2016-05-24 09:44:09";14,7509743255078;0,532299594673745;0,59;187020000;32000000,0000001;0,00688588806645066
"2016-05-25 15:43:18";14,525338867519;0,546970020606991;0,59;187880000;32000000,0000001;0,00705567102348588
"2016-05-26 09:04:15";15,7635008655862;0,509558199978158;0,59;188410000;32000000,0000001;0,00742172924686096
"2016-05-27 09:24:21";18,2092672838824;0,442396227933986;0,59;189830000;32000000,0000001;0,00805141404671937
"2016-05-28 10:04:21";16,0160377487195;0,511862440931102;0,59;191550000;32000000,0000001;0,00772615693857761
"2016-05-29 10:44:20";16,7045690230761;0,485190340610508;0,59;192170000;32000000,0000001;0,0078851616076022
"2016-05-30 09:44:14";16,3054489801848;0,501395221246041;0,59;192780000;32000000,0000001;0,00775672934900283
"2016-05-31 09:44:20";15,3274535712391;0,535790919132086;0,59;193570000;32000000,0000001;0,00777290609410801
"2016-06-01 11:37:42";16,289355049671;0,509508282457073;0,59;195300000;32000000,0000001;0,00814493387024799
"2016-06-02 10:49:29";17,7846507326277;0,462929505199724;0,59;198170000;32000000,0000001;0,00808709216398839
"2016-06-03 16:04:11";15,2132023577684;0,538681740670419;0,59;201170000;32000000,0000001;0,00724635962399736
"2016-06-04 09:44:08";17,7687305177183;0,44330852460325;0,59;208080000;32000000,0000001;0,00800867279199142
"2016-06-05 13:17:16";15,0542698958069;0,515668936788311;0,59;214780000;32000000,0000001;0,00722968689305921
"2016-06-06 15:05:39";14,4668864615554;0,543566109411659;0,59;219880000;32000000,0000001;0,00672107800886422
"2016-06-07 09:26:29";14,2764368243064;0,53883194670403;0,59;224410000;32000000,0000001;0,00664261763300127
"2016-06-08 09:44:17";15,9725413842396;0,480592316099412;0,59;227820000;32000000,0000001;0,00672663728148074
"2016-06-09 09:24:18";14,1311687010416;0,541084087276612;0,59;230590000;32000000,0000001;0,00668170991916947
"2016-06-10 09:24:20";15,3016780349798;0,505357385137237;0,59;233960000;32000000,0000001;0,00722781880799335
"2016-06-11 18:36:02";13,9879010547436;0,552691651241752;0,59;237980000;32000000,0000001;0,00663002746904942
"2016-06-13 09:44:12";13,8395844012431;0,553191739854102;0,59;246260000;32000000,0000001;0,00674841083953563
"2016-06-14 08:44:19";13,4530117139352;0,565482483736197;0,59;249060000;32000000,0000001;0,00651265630306911
"2016-06-14 09:24:17";14,0315162760646;0,542864564924585;0,59;249060000;32000000,0000001;0,00671372909823269
"2016-06-15 09:24:21";13,7742943768826;0,555288204963321;0,59;251880000;32000000,0000001;0,00690628880444895
"2016-06-16 09:04:16";13,7461346929896;0,549348802578129;0,59;254280000;32000000,0000001;0,00641486734945363
"2016-06-16 09:24:19";13,7971714686021;0,552020525870048;0,59;254280000;32000000,0000001;0,00644139914937858
"2016-06-17 09:24:20";15,728745291166;0,48358600259828;0,59;258250000;32000000,0000001;0,00676698586864897
"2016-06-18 10:04:08";14,8013382375548;0,509428751203362;0,59;260700000;32000000,0000001;0,00656545153402053
"2016-06-19 09:44:18";15,7527110959257;0,482649684246613;0,59;263850000;32000000,0000001;0,00688395973953386
"2016-06-20 12:04:23";14,3290944133774;0,522735148466286;0,59;266880000;32000000,0000001;0,00674510945057319
"2016-06-21 09:24:08";14,8842388644351;0,501505618569428;0,59;269820000;32000000,0000001;0,0064005465951748
"2016-06-22 09:24:10";16,112403333888;0,463234605540133;0,59;271860000;32000000,0000001;0,0068405639679056
"2016-06-23 09:24:09";15,8819587444243;0,466830722728788;0,59;274840000;32000000,0000001;0,00708326692082772
"2016-06-24 09:44:13";15,5537065138783;0,471792707667026;0,59;277820000;32000000,0000001;0,00666490577998721
"2016-06-25 10:24:19";14,7581585509001;0,505227365584227;0,59;280620000;32000000,0000001;0,00689165210340147
"2016-06-26 10:04:11";15,7680981250818;0,467964167283437;0,59;284660000;32000000,0000001;0,00716531254016171
"2016-06-27 09:24:19";15,2742389327096;0,478970741043162;0,59;287330000;32000000,0000001;0,0071143840063489
"2016-06-28 09:04:15";16,2332827353914;0,449466729497549;0,59;290690000;32000000,0000001;0,00744789574227443
"2016-06-28 09:24:07";16,3745325088489;0,446357135152724;0,59;290690000;32000000,0000001;0,00740191991963276
"2016-06-29 09:24:10";15,4100105655004;0,481244575485583;0,59;294040000;32000000,0000001;0,00719423235220827
"2016-06-30 09:44:19";16,2404563605539;0,447984002187792;0,59;298470000;32000000,0000001;0,00736020213128318
"2016-07-01 10:04:11";14,2493598671899;0,506095298550456;0,59;302660000,000001;32000000,0000001;0,00687296148897541
"2016-07-02 09:24:14";15,592918304659;0,454177714091875;0,59;306270000;32000000,0000001;0,00761396240762598
"2016-07-03 09:04:08";14,8353337368629;0,480414887454028;0,59;308760000;32000000,0000001;0,007593245551609
"2016-07-03 09:24:18";14,9635051043399;0,472823407721295;0,59;308760000;32000000,0000001;0,00762257235510684
"2016-07-04 09:24:12";15,2773464161061;0,465691373051645;0,59;310730000;32000000,0000001;0,00786919866796735
"2016-07-05 09:44:21";15,6340938776291;0,451133542585126;0,59;312550000;32000000,0000001;0,00784026913843399
"2016-07-06 09:28:31";14,3735108062105;0,501961647225953;0,59;314170000;32000000,0000001;0,00809429212075272
"2016-07-07 09:24:18";14,4733955915191;0,483314014498158;0,59;315960000;32000000,0000001;0,00809824050609263
"2016-07-08 10:04:13";14,3002471848626;0,491740172463583;0,59;317760000;32000000,0000001;0,00828838636518091
"2016-07-09 08:44:36";14,6598655765523;0,46837007475733;0,59;320240000;32000000,0000001;0,00865103086721438
"2016-07-09 09:24:20";13,3471799527699;0,546212756892348;0,59;320240000;32000000,0000001;0,00834008011485047
"2016-07-10 08:24:21";14,316109267159;0,496495687122399;0,59;322770000;32000000,0000001;0,00860958819429783
"2016-07-10 09:04:21";14,6885638828717;0,468014695925749;0,59;322770000;32000000,0000001;0,00933528885715658
"2016-07-11 08:24:18";15,9406617202483;0,462284877442562;0,59;326510000;32000000,0000001;0,00947475332094245
"2016-07-11 09:04:20";15,119192199145;0,463000545558484;0,59;326510000;32000000,0000001;0,00861650949125028
"2016-07-12 09:24:21";16,1978371067384;0,420862305270784;0,59;333159999,999999;32000000,0000001;0,00920002852438635
"2016-07-13 10:04:09";13,619098434168;0,51527191872066;0,59;345800000;32000000,0000001;0,00756372351941846
"2016-07-14 09:24:07";14,4853352474561;0,461211464443442;0,59;364319999,999999;32000000,0000001;0,00724992326379975
"2016-07-15 09:44:14";14,7170570841213;0,432150532810172;0,59;379840000;32000000,0000001;0,00635419681644119
"2016-07-16 09:04:18";15,0010450081618;0,404163618487712;0,59;393880000,000001;32000000,0000001;0,00632648948548956
"2016-07-16 09:24:18";15,1321587969315;0,400502323954305;0,59;393880000,000001;32000000,0000001;0,006202987914634
"2016-07-17 09:24:10";13,9960932935037;0,433433310932364;0,59;404340000;32000000,0000001;0,00583627309293645
"2016-07-18 10:04:15";14,3834065176712;0,415674632656569;0,59;410399999,999999;32000000,0000001;0,00636014595854287
"2016-07-19 09:44:23";13,3032980504773;0,451458742777973;0,59;413990000;32000000,0000001;0,0060141311423908
"2016-07-20 09:24:18";13,4616068823209;0,447304873289503;0,59;418310000;32000000,0000001;0,00582114364453224
"2016-07-21 09:04:11";13,9690768399505;0,431393452722749;0,59;419870000;32000000,0000001;0,00601177478180412
"2016-07-21 09:24:15";14,4023727213261;0,415952955882745;0,59;419870000;32000000,0000001;0,00588026534316797
"2016-07-22 09:44:14";14,6484592774142;0,406037513905175;0,59;420590000;32000000,0000001;0,00613418468712966
"2016-07-23 09:24:13";13,3827684912316;0,451699288041977;0,59;423790000;32000000,0000001;0,00609362794649879
"2016-07-24 09:24:18";14,2419033988317;0,415874822376945;0,59;428260000;32000000,0000001;0,00600979895028843
"2016-07-25 09:44:18";14,3802756677535;0,412973383274921;0,59;431410000;32000000,0000001;0,00589896264206508
"2016-07-26 12:04:19";13,6681011898925;0,432642875626944;0,59;437759999,999999;32000000,0000001;0,00622355334277531
"2016-07-27 10:04:12";14,6165723973537;0,397983874007712;0,59;441299999,999999;32000000,0000001;0,00606523357907428
"2016-07-28 09:24:22";14,029773532307;0,415890674885751;0,59;444040000;32000000,0000001;0,00599791588442516
"2016-07-29 09:24:17";13,7335710495822;0,43276933049263;0,59;445750000;32000000,0000001;0,00612991575305599
"2016-07-30 09:24:07";13,6272296253702;0,447662360517248;0,59;447229999,999999;32000000,0000001;0,00563954284317019
"2016-07-31 09:24:07";13,8151113741429;0,438737001595129;0,59;448600000,000001;32000000,0000001;0,00549459929162003
"2016-08-01 10:24:21";14,3129554979746;0,418776192230847;0,59;450080000,000001;32000000,0000001;0,00621605185435584
"2016-08-02 10:24:22";14,8492557355295;0,405221560646318;0,59;451850000;32000000,0000001;0,00599683397023085
"2016-08-03 09:44:17";13,0674670262574;0,467667415239114;0,59;453240000;32000000,0000001;0,00555766038446787
"2016-08-04 13:04:19";14,3486855529113;0,424218293802014;0,59;454560000,000001;32000000,0000001;0,00559267575976843
"2016-08-05 12:42:28";13,3638662267386;0,459231320179482;0,59;458050000;32000000,0000001;0,00530972059217234
"2016-08-06 09:04:26";14,2370210859563;0,427385077346185;0,59;461050000,000001;32000000,0000001;0,00567946113211755
"2016-08-07 10:04:16";13,5903930756176;0,455993114447412;0,59;463200000;32000000,0000001;0,00554091020675657
"2016-08-08 09:06:30";13,6092647492869;0,454926430021796;0,59;465150000;32000000,0000001;0,00548338363016238
"2016-08-09 09:04:23";13,6504836352783;0,455554806717276;0,59;466420000,000001;32000000,0000001;0,00538438529573973
"2016-08-10 09:06:38";13,9726057642622;0,443679732405843;0,59;467980000;32000000,0000001;0,00566510180867571
"2016-08-11 09:24:15";14,2380010929668;0,434239224858554;0,59;468350000,000001;32000000,0000001;0,00608489625981172
"2016-08-12 09:26:26";14,5151132357593;0,433069421055537;0,59;468469999,999999;32000000,0000001;0,00555679907806653
"2016-08-13 09:04:12";14,1254050832098;0,451001722398513;0,59;468890000;32000000,0000001;0,00578402758748341
"2016-08-13 09:24:17";14,3590465399964;0,440915545644329;0,59;468890000;32000000,0000001;0,00589877454951386
"2016-08-14 08:44:14";14,1909052533445;0,444808479693212;0,59;472590000;32000000,0000001;0,00541967034984168
"2016-08-14 09:24:17";13,4901142965993;0,47207418864285;0,59;472590000;32000000,0000001;0,0055798957348423
"2016-08-15 10:04:19";14,1383730501843;0,44327942262353;0,59;475580000,000001;32000000,0000001;0,00584452908356785
"2016-08-16 09:24:19";14,0598758598809;0,445386348595334;0,59;477290000;32000000,0000001;0,00593025017840816
"2016-08-17 09:24:17";13,8247282611402;0,462666422875282;0,59;478790000;32000000,0000001;0,00549286332552076
"2016-08-18 08:44:20";14,4132326224419;0,438179787931824;0,59;480090000,000001;32000000,0000001;0,00587280024907084
"2016-08-18 09:24:16";13,647182487989;0,473522656961992;0,59;480090000,000001;32000000,0000001;0,00565772843280977
"2016-08-19 09:24:16";14,4050704979906;0,438301953670137;0,59;486039999,999999;32000000,0000001;0,00563407002121578
"2016-08-20 09:24:18";13,5781037439099;0,462261986313736;0,59;493150000;32000000,0000001;0,00536248172457237
"2016-08-21 10:04:21";13,8634134910319;0,445892256571003;0,59;497900000;32000000,0000001;0,00569364455475341
"2016-08-22 09:24:18";13,4770782485936;0,457380648173218;0,59;501610000;32000000,0000001;0,00546194946843844
"2016-08-23 09:04:12";13,9604879201375;0,439863606261436;0,59;507690000;32000000,0000001;0,00510093833364986
"2016-08-23 09:24:11";13,6552005625507;0,452213182618307;0,59;507690000;32000000,0000001;0,00534136222623009
"2016-08-24 09:24:17";13,5857705201144;0,450504985254262;0,59;512470000;32000000,0000001;0,00502883581821164
"2016-08-25 09:24:24";13,9255108218294;0,432992688045658;0,59;514920000;32000000,0000001;0,00518441429483792
"2016-08-26 09:24:22";13,1878937196128;0,466359885433176;0,59;516869999,999999;32000000,0000001;0,00570729516418683
"2016-08-27 09:24:17";14,0642804011119;0,434269703394175;0,59;520440000,000001;32000000,0000001;0,00534354443868817
"2016-08-28 09:24:24";13,1094535875747;0,468330120314819;0,59;522839999,999999;32000000,0000001;0,00558987075931269
"2016-08-29 09:24:15";13,4362183118647;0,453252375390991;0,59;529530000;32000000,0000001;0,00547100077790114
"2016-08-30 09:06:29";13,4442900930077;0,445310583976874;0,59;535980000;32000000,0000001;0,00515147922356991
"2016-08-31 09:25:26";13,9999033233066;0,402665806268562;0,59;549950000;32000000,0000001;0,00467178082384847
"2016-09-01 09:44:14";13,6196334833706;0,409777535381204;0,59;557499999,999999;32000000,0000001;0,0047444788718625
"2016-09-02 09:24:22";13,633583356726;0,402948303277955;0,59;563500000,000001;32000000,0000001;0,00426486315951423
"2016-09-03 09:44:11";13,4148625087985;0,405399988805796;0,59;569390000;32000000,0000001;0,00418752911034515
"2016-09-04 10:04:13";13,7275194432377;0,383736497858985;0,59;577300000;32000000,0000001;0,00415475440671622
"2016-09-05 09:24:15";13,2426746936064;0,399486993597084;0,59;581790000,000001;32000000,0000001;0,00421799546225546
"2016-09-06 09:24:22";13,4117067819233;0,393629221769078;0,59;584740000;32000000,0000001;0,00423321051572629
"2016-09-07 09:24:12";13,1801018772976;0,385553014136195;0,59;595310000,000001;32000000,0000001;0,00420185214268636
"2016-09-08 09:24:20";12,8047505064221;0,378587117246293;0,59;601240000;32000000,0000001;0,00409365094831396
"2016-09-09 09:24:22";13,1779199012192;0,361932828523831;0,59;605249999,999999;32000000,0000001;0,00409461196235303
"2016-09-10 09:44:14";12,5887628037451;0,379854461980278;0,59;608329999,999999;32000000,0000001;0,00463494885417065
"2016-09-11 09:24:34";12,9746919187487;0,367709860904754;0,59;611030000,000001;32000000,0000001;0,00420278629382751
"2016-09-12 09:24:07";12,8905836746408;0,343829184910137;0,59;613329999,999999;32000000,0000001;0,00507137630632031
"2016-09-13 09:24:09";12,8780952718624;0,363441156370165;0,59;615290000;32000000,0000001;0,00470574911714825
"2016-09-14 09:04:09";12,3475369011245;0,393406534115956;0,59;617389999,999999;32000000,0000001;0,00495072572787915
"2016-09-14 09:24:22";12,3592334836195;0,381067523707906;0,59;617389999,999999;32000000,0000001;0,00505867541887809
"2016-09-15 09:04:20";12,8884557269384;0,373205309687984;0,59;619620000;32000000,0000001;0,00459159786447161
"2016-09-15 09:24:11";11,9690293595656;0,400674945758076;0,59;619620000;32000000,0000001;0,00520476387937428
"2016-09-16 09:24:23";12,2378020584289;0,391361350856893;0,59;621330000;32000000,0000001;0,00510249833607957
"2016-09-17 09:24:10";12,2103239197529;0,404068313457449;0,59;623139999,999999;32000000,0000001;0,00464518171396277
"2016-09-18 09:44:12";12,2087543756724;0,399011424209438;0,59;624710000;32000000,0000001;0,00464250632704171
"2016-09-19 09:30:45";12,6935083764962;0,38026617816963;0,59;626109999,999999;32000000,0000001;0,0043578142184973
"2016-09-20 09:04:21";12,5094563082267;0,384522587870802;0,59;628030000;32000000,0000001;0,00470561056880197
"2016-09-20 09:24:07";11,7850235745097;0,419804615941669;0,59;628030000;32000000,0000001;0,00468491537887791
"2016-09-21 09:24:16";12,0424942106311;0,426160221570526;0,59;629589999,999999;32000000,0000001;0,00424116338303876
"2016-09-22 09:04:27";11,777420387602;0,385868313745871;0,59;633760000,000001;32000000,0000001;0,00415617262944677
"2016-09-23 09:25:43";11,9941570818987;0,394985037823803;0,59;636639999,999999;32000000,0000001;0,00497106571612355
"2016-09-24 20:25:17";11,6685333150582;0,417278892585626;0,59;638230000;32000000,0000001;0,00468864556498381
"2016-09-25 13:44:21";11,5562653512616;0,43247466988605;0,59;639179999,999999;32000000,0000001;0,00446017430175327
"2016-09-26 09:24:25";12,1594442442384;0,394226861074965;0,59;640280000;32000000,0000001;0,00479130663581856
"2016-09-27 10:04:13";11,7303511624387;0,423101194453236;0,59;641900000;32000000,0000001;0,00493587396083288
"2016-09-28 09:44:18";12,4189449627248;0,391357165527755;0,59;643300000;32000000,0000001;0,00514253998697624
"2016-09-29 09:04:43";11,6724217807807;0,403789854525956;0,59;644210000;32000000,0000001;0,00459521881638406
"2016-09-30 09:04:26";11,3501570703881;0,442469981310112;0,59;645099999,999999;32000000,0000001;0,00451535925299942
"2016-09-30 09:24:17";11,824424155478;0,409345919055828;0,59;645099999,999999;32000000,0000001;0,00492072170277263
"2016-10-01 09:44:15";11,3193015098851;0,448393240249436;0,59;646420000,000001;32000000,0000001;0,00525594136649965
"2016-10-02 09:24:25";11,9208112706508;0,409660637495241;0,59;647379999,999999;32000000,0000001;0,00522921400113798
"2016-10-03 09:24:14";12,7483487624797;0,32321468317638;0,59;648179999,999999;32000000,0000001;0,00494520352929317
"2016-10-04 09:24:25";11,2343493117683;0,453225180128317;0,59;648730000;32000000,0000001;0,00480131176551035
"2016-10-05 09:04:58";11,4629264025527;0,449499303108224;0,59;6,49e+08;32000000,0000001;0,00502428895938563
"2016-10-06 09:44:17";10,3504488962066;0,504697524025713;0,59;649050000;32000000,0000001;0,00481065374707426
"2016-10-07 09:24:10";11,1333236007442;0,455142880074282;0,59;649050000;32000000,0000001;0,00478535179773404
"2016-10-08 09:24:21";11,4463339976521;0,43639246729298;0,59;649500000;32000000,0000001;0,00524717225588458
"2016-10-09 10:24:08";10,9778509933677;0,449136332728197;0,59;649700000,000001;32000000,0000001;0,00517205037714539
"2016-10-10 09:24:13";10,3671505608922;0,465977293333778;0,59;650129999,999999;32000000,0000001;0,00475982747696652
"2016-10-11 09:04:24";11,6508038878241;0,42898730006371;0,59;650240000,000001;32000000,0000001;0,00504149079551673
"2016-10-11 09:24:08";10,9548227884354;0,447762521224921;0,59;650240000,000001;32000000,0000001;0,00485958996043954
"2016-10-12 09:44:13";11,5250800094818;0,422094857896904;0,59;650070000;32000000,0000001;0,00493878177112659
"2016-10-13 09:04:22";10,6309084244056;0,472541761917582;0,59;649760000,000001;32000000,0000001;0,00518981439800135
"2016-10-13 09:24:10";11,9521922520872;0,414304993161072;0,59;649760000,000001;32000000,0000001;0,00515271154447949
"2016-10-14 09:04:17";10,4815192902751;0,477400127769927;0,59;649469999,999999;32000000,0000001;0,00488331837439202
"2016-10-14 09:24:19";11,9385624879554;0,408231942059433;0,59;649469999,999999;32000000,0000001;0,00508156951982311
"2016-10-15 10:04:16";10,6192539752064;0,466206030601554;0,59;649230000,000001;32000000,0000001;0,00510122062137368
"2016-10-16 10:04:09";11,3025147622681;0,417931739001745;0,59;648730000;32000000,0000001;0,00493341062492462
"2016-10-17 09:24:17";11,0710336664808;0,476084900876117;0,59;648260000;32000000,0000001;0,00542106973490339
"2016-10-18 09:04:18";10,8140812416807;0,467945265862857;0,59;647820000;32000000,0000001;0,00523275545819361
"2016-10-18 09:24:18";11,4181751813065;0,432217200723652;0,59;647820000;32000000,0000001;0,00524466279164928
"2016-10-19 09:24:19";11,117723795149;0,450677939042142;0,59;647330000,000001;32000000,0000001;0,00499638497118239
"2016-10-20 09:24:33";10,2863023492467;0,505917389354245;0,59;646899999,999999;32000000,0000001;0,00502413506030052
"2016-10-21 09:04:36";11,7523770404926;0,403649086313714;0,59;646500000,000001;32000000,0000001;0,00500139446093393
"2016-10-22 09:44:22";10,5794768615759;0,473152876950205;0,59;645959999,999999;32000000,0000001;0,00512393177519012
"2016-10-23 10:24:20";10,9037186990329;0,454931816695363;0,59;645300000;32000000,0000001;0,00508844287678805
"2016-10-24 09:24:38";10,7092677571381;0,453520639344865;0,59;644710000;32000000,0000001;0,00534619352226371
"2016-10-25 09:05:22";11,2286005944061;0,417827547854836;0,59;644700000,000001;32000000,0000001;0,00539335175873256
"2016-10-26 09:04:11";10,4816019577683;0,460980133078965;0,59;644380000,000001;32000000,0000001;0,00476668821238288
"2016-10-26 09:24:09";10,1101986063842;0,493996080278416;0,59;644380000,000001;32000000,0000001;0,00469464120026804
"2016-10-27 09:24:20";9,67620973184809;0,538463259632653;0,59;644130000;32000000,0000001;0,00477568035471672
"2016-10-28 09:24:18";10,6107544370249;0,451787953837016;0,59;643769999,999999;32000000,0000001;0,00489657934949752
"2016-10-29 10:04:06";11,1693200966111;0,424934302340337;0,59;643319999,999999;32000000,0000001;0,00514962177557154
"2016-10-30 10:44:19";10,4541501498984;0,47617133960471;0,59;642649999,999999;32000000,0000001;0,00474751952217813
"2016-10-31 09:24:14";10,4449300460993;0,453122814745226;0,59;641920000;32000000,0000001;0,00490544853573587
"2016-11-01 17:15:25";11,1819774290795;0,404924228801177;0,59;641229999,999999;32000000,0000001;0,00516553307695657
"2016-11-02 09:08:17";9,70956751653168;0,501820432295725;0,59;640620000;32000000,0000001;0,00472482032319673
"2016-11-03 09:28:01";10,320003895607;0,452961823803843;0,59;640040000;32000000,0000001;0,00505091714406253
"2016-11-04 09:45:23";10,2577505457719;0,422322600405916;0,59;639570000;32000000,0000001;0,00493193871858862
"2016-11-05 09:25:40";9,66628143818442;0,432520121050378;0,59;639209999,999999;32000000,0000001;0,00455267048204941
"2016-11-06 08:45:07";10,3105134851601;0,447132579944419;0,59;638829999,999999;32000000,0000001;0,0051064822461235
"2016-11-06 09:24:48";9,83256920638189;0,4815944103716;0,59;638829999,999999;32000000,0000001;0,00487847682479792
"2016-11-07 09:24:40";9,86142432304096;0,448322921133447;0,59;638500000;32000000,0000001;0,00477468644637796
"2016-11-08 09:04:23";10,163662092691;0,433183379405829;0,59;638120000,000001;32000000,0000001;0,00497301885037878
"2016-11-08 09:24:25";9,72208350206964;0,450591603731177;0,59;638120000,000001;32000000,0000001;0,0048749447310333
"2016-11-09 09:04:24";10,6690059746908;0,396099235349995;0,59;637560000;32000000,0000001;0,0052529257457289
"2016-11-10 09:24:18";10,1786868494786;0,426075806039608;0,59;637130000;32000000,0000001;0,00516274660924237
"2016-11-11 09:24:13";9,90539533888341;0,413227008536608;0,59;636540000;32000000,0000001;0,00483681729933638
"2016-11-12 09:24:20";10,0111843349193;0,394522141102815;0,59;635970000,000001;32000000,0000001;0,00490542161034963
"2016-11-13 09:44:20";9,80589827541646;0,453599696869814;0,59;635700000;32000000,0000001;0,00520147467324189
"2016-11-14 09:44:20";9,36835981924871;0,445727346072083;0,59;635420000;32000000,0000001;0,00462209416056737
"2016-11-17 22:05:27";8,74043695211528;0,543156569894323;0,59;640050000;32000000,0000001;0,00542040241338291
"2016-11-18 22:18:00";8,64385522016601;0,548748089820187;0,59;642320000;32000000,0000001;0,00541130876572942
"2016-11-19 10:04:40";8,78217081727773;0,522867581299868;0,59;647080000;32000000,0000001;0,00519724517098455
"2016-11-20 09:44:38";8,68152967420561;0,52709364618081;0,59;649440000;32000000,0000001;0,00506445640738255
"2016-11-21 09:24:37";8,28684590188643;0,539579564303708;0,59;650380000;32000000,0000001;0,00505645499746751
"2016-11-22 09:04:50";8,66185967574816;0,535406600814032;0,59;650480000;32000000,0000001;0,00536913959727381
"2016-11-22 09:24:32";8,68768274286718;0,528822860013642;0,59;650480000;32000000,0000001;0,0053314680569124
"2016-11-23 09:24:53";8,1794331385522;0,559133366668643;0,59;650300000;32000000,0000001;0,00515981252839778
"2016-11-24 09:24:38";8,67272255973931;0,52259910346409;0,59;650030000;32000000,0000001;0,0053982856600416
"2016-11-25 09:24:30";7,92219970143171;0,565962934951053;0,59;649840000;32000000,0000001;0,00527628471154641
"2016-11-26 09:24:39";8,16981956228099;0,56558308621438;0,59;649890000;32000000,0000001;0,00567047269136069
"2016-11-27 10:24:38";7,89505838624084;0,568502212104939;0,59;650560000;32000000,0000001;0,00535322324481584
"2016-11-28 09:24:34";8,15446643478074;0,562015335687521;0,59;650740000;32000000,0000001;0,00607663370896505
"2016-11-29 09:24:39";8,22314684226779;0,548386194918714;0,59;653730000;32000000,0000001;0,00571543230528989
"2016-11-30 09:24:49";7,78048508983646;0,573163657007794;0,59;656400000;32000000,0000001;0,00544134707626475
"2016-12-01 10:24:30";7,63184889525986;0,57265761716867;0,59;660150000;32000000,0000001;0,00551118566077979
"2016-12-01 10:56:46";7,49180474174001;0,585290547619009;0,59;660150000;32000000,0000001;0,00526849590249485
"2016-12-02 09:24:35";7,52637893563982;0,558070665651707;0,59;670160000;32000000,0000001;0,00474667192646683
"2016-12-03 08:44:35";7,87850514419237;0,500583723720193;0,59;686930000;32000000,0000001;0,00430279908965096
"2016-12-03 09:24:28";7,85200902357306;0,500071711454459;0,59;686930000;32000000,0000001;0,00419959545469198
"2016-12-04 09:24:36";8,22042145594956;0,438617917307857;0,59;706860000;32000000,0000001;0,00371471582869839
"2016-12-05 09:24:28";8,51003674896507;0,379810752259839;0,59;723520000;32000000,0000001;0,00335000197746575
"2016-12-06 09:24:35";8,49681638946248;0,367061562346892;0,59;731960000;32000000,0000001;0,0033278699477065
"2016-12-07 09:04:39";8,49515747882988;0,349740619142803;0,59;738870000;32000000,0000001;0,00317687378629139
"2016-12-07 09:24:39";8,55040943170333;0,34503526080021;0,59;738870000;32000000,0000001;0,00324786302319531
"2016-12-08 09:04:40";8,46409273232874;0,346929444510518;0,59;741730000;32000000,0000001;0,00324718489825588
"2016-12-08 09:24:40";8,43306853449941;0,348694653408635;0,59;741730000;32000000,0000001;0,00315311248746323
"2016-12-09 09:24:38";8,43849496715941;0,346368913303065;0,59;743540000;32000000,0000001;0,00318411128727647
"2016-12-10 09:24:32";8,46558550825504;0,345333198584542;0,59;744920000;32000000,0000001;0,00315126373362284
"2016-12-11 10:04:40";8,45296522721974;0,346572099172517;0,59;746210000;32000000,0000001;0,00306139216980061
"2016-12-12 09:24:52";8,53561484856966;0,343194518624777;0,59;747230000;32000000,0000001;0,00312446777218018
"2016-12-13 09:04:43";8,53536553066439;0,341828514710637;0,59;748070000;32000000,0000001;0,00310237619608387
"2016-12-13 09:24:41";8,54858184461339;0,343634327838065;0,59;748070000;32000000,0000001;0,00321780966581043
"2016-12-14 09:04:44";8,46701668752258;0,351809815607753;0,59;748820000;32000000,0000001;0,0031568074296121
"2016-12-15 09:24:37";8,47921944988118;0,352976620361191;0,59;749550000;32000000,0000001;0,00323598492686446
"2016-12-16 09:24:26";8,51880927326827;0,350076831779688;0,59;750400000;32000000,0000001;0,00317075208558697
"2016-12-17 09:44:24";8,5038072541261;0,348564807969827;0,59;751200000;32000000,0000001;0,00317580272441997
"2016-12-18 09:24:29";8,47158916302001;0,356635322466034;0,59;751690000;32000000,0000001;0,00312623543055885
"2016-12-19 09:44:38";8,54291359365637;0,352797790749961;0,59;752120000;32000000,0000001;0,0031684358293691
"2016-12-20 09:04:38";8,4203133745473;0,363629174288317;0,59;752560000;32000000,0000001;0,00315890810218441
"2016-12-20 09:24:33";8,47322563594958;0,35981784836151;0,59;752560000;32000000,0000001;0,00316212780903246
"2016-12-21 09:45:04";8,52041427772341;0,354342023535613;0,59;752900000;32000000,0000001;0,00314891078694063
"2016-12-22 09:24:50";8,53866299058962;0,352414169672233;0,59;753360000;32000000,0000001;0,00308116391481686
"2016-12-23 09:44:24";8,42268685158357;0,361341472793962;0,59;753940000;32000000,0000001;0,00313672947588613
"2016-12-24 09:04:32";8,42680386089585;0,363435231399595;0,59;754410000;32000000,0000001;0,00316070882501034
"2016-12-24 09:24:26";8,46655475058328;0,361742542318531;0,59;754410000;32000000,0000001;0,00317568082368922
"2016-12-25 09:04:36";8,45710394587439;0,362003482075308;0,59;754690000;32000000,0000001;0,00314843072487927
"2016-12-25 09:24:28";8,55960799205397;0,352621596909883;0,59;754690000;32000000,0000001;0,00307377751466714
"2016-12-26 09:04:23";8,50703268771275;0,358291273011203;0,59;755050000;32000000,0000001;0,00315401757693112
"2016-12-26 09:24:33";8,5335483908723;0,356218216396752;0,59;755050000;32000000,0000001;0,00310042785472087
"2016-12-27 11:04:33";8,4749999396262;0,365138337329987;0,59;755520000;32000000,0000001;0,00319903784737768
"2016-12-28 09:24:40";8,63163274101824;0,351103705695873;0,59;755780000;32000000,0000001;0,00329688046283991
"2016-12-29 09:24:36";8,62363700352485;0,345868263552378;0,59;755920000;32000000,0000001;0,00322522785867752
"2016-12-30 13:04:51";8,7085488148587;0,34321580714492;0,59;755940000;32000000,0000001;0,00331988851320922
"2016-12-31 09:44:37";8,6624658279457;0,340998169885202;0,59;756060000;32000000,0000001;0,00323407433893517
"2017-01-01 10:04:24";8,76772106898651;0,332403188196328;0,59;756070000;32000000,0000001;0,00332314220050576
"2017-01-02 09:24:33";8,83072763355136;0,327783594416204;0,59;756080000;32000000,0000001;0,00326632170243285
"2017-01-03 11:45:00";8,75481725583781;0,333727366116382;0,59;756120000;32000000,0000001;0,0033137553021466
"2017-01-04 12:45:25";8,78071252925616;0,331615667394839;0,59;756040000;32000000,0000001;0,00328609651079383
"2017-01-05 10:24:46";8,61957635327409;0,33951510236377;0,59;755910000;32000000,0000001;0,00325512564490476
"2017-01-06 11:24:42";8,64080822076613;0,337256840472703;0,59;755810000;32000000,0000001;0,00331747924654199
"2017-01-07 09:44:29";8,60761512586478;0,33632903010443;0,59;755710000;32000000,0000001;0,00316162562957637
"2017-01-08 09:44:33";8,56565824928986;0,339820030424708;0,59;755590000;32000000,0000001;0,00322077324129442
"2017-01-09 11:04:42";8,47013555195936;0,344560220011521;0,59;755240000;32000000,0000001;0,0031928161541413
"2017-01-10 11:24:31";8,6042248141117;0,337454574740706;0,59;755040000;32000000,0000001;0,0031892395416179
"2017-01-11 10:44:42";8,4436316616447;0,348759669035091;0,59;754670000;32000000,0000001;0,00311942327738765
"2017-01-12 11:44:36";8,49450062333858;0,346063442297099;0,59;754240000;32000000,0000001;0,00311880785116571
"2017-01-13 09:44:40";8,51440555929458;0,348401636213347;0,59;754010000;32000000,0000001;0,0030952152440082
"2017-01-16 19:19:29";8,41899273487201;0,368043516913453;0,59;752990000;32000000,0000001;0,00316007523829434
"2017-01-17 09:24:43";8,41767450023665;0,373673080341651;0,59;752760000;32000000,0000001;0,00323720657737833
"2017-01-18 09:04:41";8,41435114036169;0,38175968592209;0,59;752360000;32000000,0000001;0,00323189029965756
"2017-01-18 09:24:34";8,33648000974264;0,384602262739411;0,59;752360000;32000000,0000001;0,00318060603915834
"2017-01-19 09:24:27";8,45615209617388;0,386374406096913;0,59;7,52e+08;32000000,0000001;0,00338619323937032
"2017-01-20 09:25:02";8,39868161987164;0,399987555357077;0,59;751500000;32000000,0000001;0,00339979769240178
"2017-01-21 12:44:31";8,24957467444001;0,424554502481954;0,59;750990000;32000000,0000001;0,00361222345317293
"2017-01-22 09:44:35";8,24632804477403;0,434583798292702;0,59;750270000;32000000,0000001;0,00370714825558593
"2017-01-23 09:24:40";8,24471694499457;0,451875964386942;0,59;749600000;32000000,0000001;0,00404889510841571
"2017-01-24 11:27:18";8,22854610960248;0,466521704004587;0,59;748910000;32000000,0000001;0,00434255505178951
"2017-01-25 09:04:33";8,3101635211139;0,484787925861399;0,59;748350000;32000000,0000001;0,00457456920061817
"2017-01-26 10:44:43";7,98050454869101;0,516673466593131;0,59;747800000;32000000,0000001;0,00476730443425441
"2017-01-27 10:44:42";8,22523094299145;0,51606324160772;0,59;747230000;32000000,0000001;0,00475622697387306
"2017-01-28 08:44:52";8,07638296316589;0,522415056744886;0,59;746690000;32000000,0000001;0,00505668488100683
"2017-01-28 09:24:34";8,04738448165686;0,521931799803577;0,59;746690000;32000000,0000001;0,00494069415495311
"2017-01-29 08:24:31";7,81704942732887;0,534332162214053;0,59;746020000;32000000,0000001;0,00520631819091017
"2017-01-29 09:04:39";8,18871990243595;0,522903696927879;0,59;746020000;32000000,0000001;0,00528667929633579
"2017-01-30 10:44:28";7,96069321829921;0,527440694736962;0,59;745450000;32000000,0000001;0,00480990145339685
"2017-01-31 11:04:43";8,14357622071907;0,546263453727189;0,59;744910000;32000000,0000001;0,00523023182890574
"2017-02-01 14:05:55";7,76394335321909;0,561279533614606;0,59;744260000;32000000,0000001;0,00516681689581888
"2017-02-02 09:24:40";8,67622192144453;0,5275874123561;0,59;743620000;32000000,0000001;0,00540098944681239
"2017-02-03 09:24:34";7,76500368708668;0,606062159016807;0,59;742830000;32000000,0000001;0,00522968505447435
"2017-02-04 09:04:41";7,63647203561401;0,608244128667557;0,59;742200000;32000000,0000001;0,00528303066479019
"2017-02-04 09:24:38";7,79255492809508;0,569695156740389;0,59;742200000;32000000,0000001;0,0053764162621959
"2017-02-05 14:11:21";7,92820668778333;0,558913013353786;0,59;741640000;32000000,0000001;0,00551027854150431
"2017-02-06 09:24:36";7,99988731930365;0,564559010779083;0,59;741180000;32000000,0000001;0,00506473060282033
"2017-02-07 10:04:54";7,72276088272622;0,565880466336002;0,59;740610000;32000000,0000001;0,00541178982365467
"2017-02-08 10:24:34";7,71606367442587;0,568998945648002;0,59;740140000;32000000,0000001;0,00519384350358713
"2017-02-09 10:24:50";7,651382421943;0,571877342941533;0,59;739550000;32000000,0000001;0,00560030062333409
"2017-02-10 09:04:28";7,69694689936099;0,558080621549421;0,59;738860000;32000000,0000001;0,00532893734013245
"2017-02-10 09:24:29";8,06621657459985;0,560535824151313;0,59;738860000;32000000,0000001;0,00512331634628358
"2017-02-13 21:02:39";7,6782641882218;0,555766827150748;0,59;737230000;32000000,0000001;0,00535283894895915
"2017-02-14 10:24:33";8,15560276942498;0,529665404034877;0,59;736710000;32000000,0000001;0,00523454339750007
"2017-02-15 10:04:32";7,67057791619052;0,559808450846138;0,59;736220000;32000000,0000001;0,00513259024503551
"2017-02-16 09:44:35";7,7323370760982;0,544229963215611;0,59;735580000;32000000,0000001;0,00529289233817332
"2017-02-17 09:04:47";7,75867505001012;0,555035835768975;0,59;737610000;32000000,0000001;0,0053529778228577
"2017-02-18 09:24:43";7,7619437588964;0,546792686299425;0,59;739880000;32000000,0000001;0,00529266757950211
"2017-02-19 09:04:43";7,72330690138762;0,53430473755254;0,59;741250000;32000000,0000001;0,00529249997884119
"2017-02-20 12:22:09";7,73814692534022;0,536384937544248;0,59;741240000;32000000,0000001;0,00537061700222732
"2017-02-21 09:24:54";7,88860903989846;0,51813634025894;0,59;740830000;32000000,0000001;0,00544607616679077
"2017-02-22 09:24:55";7,57730559753524;0,549104637751437;0,59;740190000;32000000,0000001;0,0054389899398015
"2017-02-23 09:25:06";8,10640810449789;0,51328801262505;0,59;739610000;32000000,0000001;0,00534674427892299
"2017-02-24 09:24:44";7,82285248686392;0,510077948034758;0,59;739140000;32000000,0000001;0,00554633667079482
"2017-02-25 16:36:42";7,82907058285432;0,528348414632009;0,59;738580000;32000000,0000001;0,00567114904042842
"2017-02-26 11:06:16";7,88857150595676;0,524954910909458;0,59;737880000;32000000,0000001;0,00549891233464261
"2017-02-27 12:20:01";8,09930202834188;0,509846307649454;0,59;737110000;32000000,0000001;0,00544681247839325
"2017-02-28 10:21:15";7,75574946866358;0,533081263709329;0,59;737010000;32000000,0000001;0,00541445287988973
"2017-03-01 14:30:51";8,01230119258291;0,510348781220336;0,59;736590000;32000000,0000001;0,00541407582743767
"2017-03-02 09:48:44";8,1062850379612;0,510118171593206;0,59;736210000;32000000,0000001;0,00540488887995323
"2017-03-03 16:53:14";8,22246063840497;0,515787401391022;0,59;735580000;32000000,0000001;0,00538131910055119
"2017-03-04 09:53:28";7,8822377263654;0,519344820191147;0,59;735070000;32000000,0000001;0,00559695275433944
"2017-03-05 13:01:49";8,0040277581817;0,516964740373009;0,59;735030000;32000000,0000001;0,00550635055058521
"2017-03-06 08:59:21";8,06710186951836;0,517435957968579;0,59;734910000;32000000,0000001;0,00553862654047636
"2017-03-07 12:31:54";7,93624536140628;0,524632809611224;0,59;734670000;32000000,0000001;0,00559109854930583
"2017-03-08 10:24:27";7,85482863795623;0,52905684630834;0,59;734350000;32000000,0000001;0,00573500417852893
"2017-03-09 09:24:43";7,80417385750331;0,533552546961251;0,59;733690000;32000000,0000001;0,00532074967818151
"2017-03-10 09:24:37";8,02296418520975;0,524569850537151;0,59;732940000;32000000,0000001;0,00547149338787751
"2017-03-12 23:47:01";7,94337030726219;0,521812740474922;0,59;731460000;32000000,0000001;0,00555562433648825
"2017-03-13 09:25:00";8,15777668985302;0,511604434861888;0,59;730700000;32000000,0000001;0,00537829513405195
"2017-03-14 09:44:38";8,05430579710113;0,523692339415622;0,59;730010000;32000000,0000001;0,00527154975931401
"2017-03-15 09:24:54";8,39025887627908;0,501657181553261;0,59;729060000;32000000,0000001;0,00543246066261626
"2017-03-16 09:44:48";8,13577639365691;0,512990696442997;0,59;728150000;32000000,0000001;0,00555703697918971
"2017-03-17 09:24:55";8,1298524808399;0,517124092052476;0,59;726760000;32000000,0000001;0,00540190942164204
"2017-03-18 09:25:10";8,11947804850604;0,515436258776114;0,59;726040000;32000000,0000001;0,00532035230829392
"2017-03-19 09:04:44";8,05895407553782;0,526061437714278;0,59;725140000;32000000,0000001;0,00562410180555604
"2017-03-19 09:24:43";8,19061957879967;0,515976713617118;0,59;725140000;32000000,0000001;0,00549113096552375
"2017-03-20 09:24:39";8,16087353136809;0,503735728867432;0,59;724380000;32000000,0000001;0,00551786190828257
"2017-03-21 09:25:11";8,0488912259968;0,512861845444209;0,59;723420000;32000000,0000001;0,00556466214352491
"2017-03-22 09:24:55";8,27043850150966;0,50131363329982;0,59;722370000;32000000,0000001;0,0055432865238112
"2017-03-23 09:24:48";7,87232631198989;0,530569210802791;0,59;721320000;32000000,0000001;0,00531739625294778
"2017-03-24 09:24:40";8,26644584467577;0,512051390459646;0,59;720240000;32000000,0000001;0,00532930266108466
"2017-03-25 09:24:39";8,08290329822837;0,515501906706292;0,59;719230000;32000000,0000001;0,00528182676198825
"2017-03-26 09:44:47";8,45934366053081;0,488780040095675;0,59;718110000;32000000,0000001;0,0054649455950494
"2017-03-27 09:24:42";8,16563562206626;0,511695894227806;0,59;716770000;32000000,0000001;0,00559340313446115
"2017-03-28 09:04:46";8,23720228381742;0,507417422391306;0,59;715300000;32000000,0000001;0,00560013716848844
"2017-03-29 09:24:55";8,17761815852463;0,507513359494337;0,59;713820000;32000000,0000001;0,0053994913345672
"2017-03-30 09:04:50";8,260894778046;0,508211203016324;0,59;712340000;32000000,0000001;0,00535744349562226
"2017-03-30 09:24:35";8,2350656093403;0,502033851329134;0,59;712340000;32000000,0000001;0,0055152211346677
"2017-03-31 09:04:38";7,96360424107304;0,518800131799434;0,59;710820000;32000000,0000001;0,00532645155340518
"2017-03-31 09:24:45";8,5670670231199;0,489612701577123;0,59;710820000;32000000,0000001;0,00555290123778355
"2017-04-01 10:04:46";8,18965836565497;0,508689310297854;0,59;709440000;32000000,0000001;0,00545212923618393
"2017-04-02 09:24:40";8,23963753896754;0,508475814685531;0,59;709630000;32000000,0000001;0,00525384491246374
"2017-04-03 11:33:22";8,08946728184213;0,514631826745182;0,59;7,09e+08;32000000,0000001;0,00548392097010972
"2017-04-04 10:24:41";8,04521491627075;0,519737062822342;0,59;708210000;32000000,0000001;0,00553271465216721
"2017-04-05 10:04:42";7,97666931391248;0,519963795302611;0,59;707360000;32000000,0000001;0,00542972330674955
"2017-04-06 09:24:54";8,13389782562318;0,506640153703206;0,59;706050000;32000000,0000001;0,00535983668971856
"2017-04-07 09:44:44";7,97504089267039;0,516635579513098;0,59;704880000;32000000,0000001;0,00543266846105651
"2017-04-09 20:06:44";8,19959026288225;0,504992944476949;0,59;702560000;32000000,0000001;0,00558257700783824
"2017-04-10 09:44:33";8,19105100538779;0,507956643037652;0,59;701230000;32000000,0000001;0,0054876086147886
"2017-04-11 09:24:34";8,325343165369;0,499621502079029;0,59;700360000;32000000,0000001;0,00546325154969017
"2017-04-12 09:24:35";8,29940824874281;0,498907163097606;0,59;703510000;32000000,0000001;0,00560178273341364
"2017-04-13 09:45:03";8,37709190391788;0,486598773892154;0,59;708890000;32000000,0000001;0,00559291085463004
"2017-04-15 15:34:44";7,93679300723635;0,51557807469456;0,59;710830000;32000000,0000001;0,00554783042597034
"2017-04-16 21:40:12";8,19418996994373;0,50497424952847;0,59;710890000;32000000,0000001;0,00555033515529005
"2017-04-17 09:24:46";8,13620127822448;0,503839299425918;0,59;710810000;32000000,0000001;0,00545483318833256
"2017-04-18 09:04:55";8,39529399428746;0,49149614809132;0,59;709930000;32000000,0000001;0,00540047573104411
"2017-04-19 09:44:34";8,26167097077377;0,485916323594447;0,59;709330000;32000000,0000001;0,0055325273192693
"2017-04-20 09:24:38";8,28554469774945;0,494446632964892;0,59;708440000;32000000,0000001;0,0054992860611762
"2017-04-21 10:04:37";8,03928517294046;0,51097657610918;0,59;708330000;32000000,0000001;0,00545631467275071
"2017-04-22 09:04:45";8,41578586685337;0,48628305986226;0,59;707930000;32000000,0000001;0,00543970100426535
"2017-04-22 09:24:39";8,26391669020976;0,502717315217313;0,59;707930000;32000000,0000001;0,00550680195475632
"2017-04-23 09:24:48";8,31913683350353;0,493884573487047;0,59;711010000;32000000,0000001;0,0056015413066287
"2017-04-24 09:44:39";8,14196767152951;0,505843907757888;0,59;712010000;32000000,0000001;0,0051562348793176
"2017-04-25 10:04:15";8,3022496924199;0,492570492596945;0,59;712220000;32000000,0000001;0,00544712266599294
"2017-04-26 09:24:21";8,28998883182244;0,491735926219751;0,59;712620000;32000000,0000001;0,00540574220294948
"2017-04-27 09:44:16";8,27232525642575;0,499229013581938;0,59;712160000;32000000,0000001;0,005478002367331
"2017-04-28 11:39:24";8,41368491452845;0,495259089098165;0,59;711470000;32000000,0000001;0,00552763414054058
"2017-04-29 10:24:25";8,23059680754143;0,508096428459102;0,59;710840000;32000000,0000001;0,00536388760665433
"2017-04-30 21:38:23";8,32428521242767;0,502829593868917;0,59;709940000;32000000,0000001;0,0054655214775649
"2017-05-01 12:59:25";8,37107521765321;0,502900827503752;0,59;708950000;32000000,0000001;0,00523311792727356
"2017-05-02 09:44:35";8,1282469680787;0,505932754931062;0,59;708350000;32000000,0000001;0,00525804270403781
"2017-05-03 09:44:22";8,22524914026067;0,507469170356139;0,59;708070000;32000000,0000001;0,00529946503152761
"2017-05-04 09:24:19";8,41505478972556;0,499312075390985;0,59;707650000;32000000,0000001;0,00530565451980168
"2017-05-05 09:24:26";8,4645544628389;0,499778238369986;0,59;707220000;32000000,0000001;0,00516000094803988
"2017-05-06 11:05:39";8,18633374919746;0,514723157252836;0,59;707390000;32000000,0000001;0,00510553992103808
"2017-05-07 10:04:30";8,41492942400924;0,503475077877489;0,59;7,07e+08;32000000,0000001;0,00515964521797477
"2017-05-08 09:24:14";8,31833959243117;0,513581233551295;0,59;706390000;32000000,0000001;0,0052069850433474
"2017-05-09 09:44:18";8,49768084694972;0,500375946110428;0,59;706760000;32000000,0000001;0,00519258848320588
"2017-05-10 09:24:18";8,31940628426087;0,510887879102693;0,59;706950000;32000000,0000001;0,00503438530639507
"2017-05-11 09:44:18";8,35114210713396;0,512099244030196;0,59;710010000;32000000,0000001;0,00516166338290919
"2017-05-12 09:44:21";8,22850394882536;0,518961919531595;0,59;711400000;32000000,0000001;0,00505980037676707
"2017-05-13 08:44:14";8,35957907340353;0,514289371324978;0,59;713280000;32000000,0000001;0,00523469201134786
"2017-05-13 09:24:22";8,50350309479512;0,498978138171454;0,59;713280000;32000000,0000001;0,00501381946634495
"2017-05-14 14:44:51";8,08879607506937;0,51715212006401;0,59;715620000;32000000,0000001;0,00499102917476367
"2017-05-16 18:07:28";8,31864918476952;0,511216774477229;0,59;720290000;32000000,0000001;0,00521063461291179
"2017-05-17 09:24:35";8,28860018992938;0,510598405278285;0,59;721810000;32000000,0000001;0,005175734450605
