"data","sistema","vabs","vrel","vmax","afluente","descarregada","MLT","aflu_MLT","aflu_max","vazao_anterior","vazao_mediames","retirada"
"2015-01-15","Cantareira",61.28,6.2,982.07,8.45,1.52,70.70,12.0,152.20,17.89,18.07,19.41
"2015-01-15","AltoTiete",62.66,10.9,573.81,6.46,10.96,33.19,19.5,65.95,10.82,10.77,12.98
"2015-01-15","Guarapiranga",68.51,40.0,171.19,14.67,0.00,25.22,58.2,56.90,14.67,14.12,14.67
"2015-01-15","Cotia",4.91,29.7,16.50,0.36,0.06,3.30,11.0,4.45,0.75,0.76,0.80
"2015-01-15","RioGrande",78.60,70.1,112.18,8.57,0.00,9.54,89.8,23.69,4.99,5.11,4.99
"2015-01-15","RioClaro",3.52,25.7,13.67,2.49,0.31,4.93,50.6,2.85,3.89,3.96,3.89
"2015-01-16","Cantareira",60.12,6.1,982.07,6.98,1.52,70.70,9.9,152.20,18.65,18.11,20.17
"2015-01-16","AltoTiete",61.89,10.8,573.81,7.65,10.96,33.19,23.0,65.95,10.39,10.75,12.44
"2015-01-16","Guarapiranga",68.30,39.9,171.19,12.34,0.00,25.22,48.9,56.90,14.79,14.17,14.79
"2015-01-16","Cotia",4.89,29.6,16.50,0.59,0.06,3.30,17.8,4.45,0.75,0.76,0.81
"2015-01-16","RioGrande",78.45,69.9,112.18,3.16,0.00,9.54,33.1,23.69,4.95,5.10,4.95
"2015-01-16","RioClaro",3.43,25.1,13.67,2.58,0.37,4.93,52.4,2.85,3.88,3.96,3.88
"2015-01-17","Cantareira",58.86,6.0,982.07,5.12,1.52,70.70,7.2,152.20,18.65,18.14,20.17
"2015-01-17","AltoTiete",61.08,10.6,573.81,7.64,11.22,33.19,23.0,65.95,10.39,10.72,12.81
"2015-01-17","Guarapiranga",67.88,39.7,171.19,9.90,0.00,25.22,39.3,56.90,14.79,14.21,14.79
"2015-01-17","Cotia",4.85,29.4,16.50,0.37,0.06,3.30,11.2,4.45,0.75,0.76,0.81
"2015-01-17","RioGrande",78.14,69.7,112.18,1.38,0.00,9.54,14.4,23.69,4.95,5.09,4.95
"2015-01-17","RioClaro",3.35,24.5,13.67,2.60,0.37,4.93,52.7,2.85,3.88,3.95,3.88
"2015-01-18","Cantareira",57.64,5.9,982.07,4.96,2.23,70.70,7.0,152.20,18.65,18.17,20.88
"2015-01-18","AltoTiete",60.17,10.5,573.81,7.61,11.22,33.19,22.9,65.95,10.39,10.70,12.81
"2015-01-18","Guarapiranga",67.25,39.3,171.19,7.48,0.00,25.22,29.7,56.90,14.79,14.24,14.79
"2015-01-18","Cotia",4.79,29.1,16.50,0.15,0.06,3.30,4.7,4.45,0.75,0.76,0.81
"2015-01-18","RioGrande",77.83,69.4,112.18,1.39,0.00,9.54,14.5,23.69,4.95,5.08,4.95
"2015-01-18","RioClaro",3.26,23.9,13.67,2.62,0.37,4.93,53.1,2.85,3.88,3.95,3.88
"2015-01-19","Cantareira",56.60,5.8,982.07,8.22,2.52,70.70,11.6,152.20,16.52,18.00,19.04
"2015-01-19","AltoTiete",59.44,10.4,573.81,8.99,10.47,33.19,27.1,65.95,11.53,10.81,13.32
"2015-01-19","Guarapiranga",66.62,38.9,171.19,8.02,0.00,25.22,31.8,56.90,15.30,14.31,15.30
"2015-01-19","Cotia",4.74,28.7,16.50,0.16,0.06,3.30,4.9,4.45,0.76,0.76,0.81
"2015-01-19","RioGrande",77.52,69.1,112.18,1.58,0.00,9.54,16.6,23.69,5.14,5.10,5.14
"2015-01-19","RioClaro",3.17,23.2,13.67,2.38,0.38,4.93,48.3,2.85,3.93,3.95,3.93
"2015-01-20","Cantareira",55.29,5.6,982.07,5.00,2.52,70.70,7.1,152.20,16.52,17.92,19.04
"2015-01-20","AltoTiete",58.45,10.2,573.81,6.00,10.47,33.19,18.1,65.95,11.47,10.84,13.26
"2015-01-20","Guarapiranga",65.99,38.5,171.19,7.80,0.00,25.22,30.9,56.90,15.06,14.35,15.06
"2015-01-20","Cotia",4.70,28.5,16.50,0.36,0.06,3.30,11.0,4.45,0.74,0.76,0.79
"2015-01-20","RioGrande",77.22,68.8,112.18,1.57,0.00,9.54,16.4,23.69,5.11,5.10,5.11
"2015-01-20","RioClaro",3.09,22.6,13.67,2.51,0.44,4.93,51.0,2.85,3.93,3.95,3.93
"2015-01-21","Cantareira",53.94,5.5,982.07,5.40,2.52,70.70,7.6,152.20,18.14,17.91,20.66
"2015-01-21","AltoTiete",57.65,10.0,573.81,7.75,10.47,33.19,23.3,65.95,11.10,10.86,12.77
"2015-01-21","Guarapiranga",65.36,38.2,171.19,7.96,0.00,25.22,31.6,56.90,15.20,14.39,15.20
"2015-01-21","Cotia",4.65,28.2,16.50,0.09,0.06,3.30,2.7,4.45,0.68,0.75,0.73
"2015-01-21","RioGrande",76.91,68.6,112.18,1.60,0.00,9.54,16.7,23.69,5.13,5.11,5.13
"2015-01-21","RioClaro",3.01,22.0,13.67,2.53,0.35,4.93,51.3,2.85,3.92,3.95,3.92
"2015-01-22","Cantareira",53.09,5.4,982.07,9.71,2.52,70.70,13.7,152.20,17.27,17.88,19.79
"2015-01-22","AltoTiete",58.07,10.1,573.81,22.11,10.47,33.19,66.6,65.95,10.60,10.84,13.07
"2015-01-22","Guarapiranga",65.16,38.1,171.19,12.70,0.00,25.22,50.4,56.90,15.11,14.42,15.11
"2015-01-22","Cotia",4.61,27.9,16.50,0.40,0.06,3.30,12.0,4.45,0.77,0.75,0.82
"2015-01-22","RioGrande",77.52,69.1,112.18,12.07,0.00,9.54,126.5,23.69,4.99,5.10,4.99
"2015-01-22","RioClaro",3.40,24.9,13.67,7.99,31.66,4.93,162.0,2.85,3.99,3.95,3.99
"2015-01-23","Cantareira",52.10,5.3,982.07,8.03,2.52,70.70,11.4,152.20,15.95,17.79,18.47
"2015-01-23","AltoTiete",59.31,10.3,573.81,30.23,10.47,33.19,91.1,65.95,9.97,10.80,11.79
"2015-01-23","Guarapiranga",65.99,38.5,171.19,23.16,0.00,25.22,91.8,56.90,13.51,14.38,13.51
"2015-01-23","Cotia",4.70,28.5,16.50,1.91,0.06,3.30,57.9,4.45,0.79,0.76,0.84
"2015-01-23","RioGrande",78.91,70.3,112.18,21.17,0.00,9.54,222.0,23.69,5.13,5.10,5.13
"2015-01-23","RioClaro",4.18,30.6,13.67,21.75,23.71,4.93,441.2,2.85,3.98,3.95,3.98
"2015-01-24","Cantareira",51.33,5.2,982.07,12.05,2.52,70.70,17.0,152.20,15.95,17.71,18.47
"2015-01-24","AltoTiete",59.66,10.4,573.81,18.67,9.40,33.19,56.3,65.95,9.97,10.77,10.37
"2015-01-24","Guarapiranga",67.46,39.4,171.19,30.50,0.00,25.22,120.9,56.90,13.51,14.35,13.51
"2015-01-24","Cotia",4.72,28.6,16.50,1.06,0.06,3.30,32.0,4.45,0.79,0.76,0.84
"2015-01-24","RioGrande",80.47,71.7,112.18,23.15,0.00,9.54,242.7,23.69,5.13,5.10,5.13
"2015-01-24","RioClaro",4.18,30.6,13.67,12.73,9.58,4.93,258.2,2.85,3.98,3.95,3.98
"2015-01-25","Cantareira",50.42,5.1,982.07,7.94,2.16,70.70,11.2,152.20,15.95,17.64,18.11
"2015-01-25","AltoTiete",59.41,10.4,573.81,11.73,9.40,33.19,35.3,65.95,9.97,10.74,10.47
"2015-01-25","Guarapiranga",70.42,41.1,171.19,47.86,0.00,25.22,189.8,56.90,13.51,14.31,13.51
"2015-01-25","Cotia",4.72,28.6,16.50,0.84,0.06,3.30,25.5,4.45,0.79,0.76,0.84
"2015-01-25","RioGrande",81.88,73.0,112.18,21.52,0.00,9.54,225.6,23.69,5.13,5.10,5.13
"2015-01-25","RioClaro",3.73,27.3,13.67,2.98,3.95,4.93,60.5,2.85,3.98,3.95,3.98
"2015-01-26","Cantareira",49.89,5.1,982.07,11.39,1.52,70.70,16.1,152.20,15.89,17.59,17.41
"2015-01-26","AltoTiete",58.96,10.3,573.81,10.41,9.85,33.19,31.4,65.95,10.39,10.76,11.44
"2015-01-26","Guarapiranga",74.74,43.7,171.19,63.29,0.00,25.22,251.0,56.90,13.35,14.30,13.35
"2015-01-26","Cotia",4.70,28.5,16.50,0.58,0.06,3.30,17.7,4.45,0.74,0.76,0.80
"2015-01-26","RioGrande",83.00,74.0,112.18,18.01,0.00,9.54,188.8,23.69,5.15,5.11,5.15
"2015-01-26","RioClaro",3.75,27.4,13.67,2.46,1.25,4.93,49.8,2.85,3.97,3.95,3.97
"2015-01-27","Cantareira",50.20,5.1,982.07,22.24,1.52,70.70,31.5,152.20,16.71,17.56,18.23
"2015-01-27","AltoTiete",59.46,10.4,573.81,20.28,9.40,33.19,61.1,65.95,9.84,10.73,10.33
"2015-01-27","Guarapiranga",78.70,46.0,171.19,60.18,0.00,25.22,238.6,56.90,14.38,14.31,14.38
"2015-01-27","Cotia",4.68,28.4,16.50,0.58,0.06,3.30,17.7,4.45,0.74,0.76,0.80
"2015-01-27","RioGrande",83.15,74.1,112.18,7.08,0.00,9.54,74.2,23.69,5.23,5.12,5.23
"2015-01-27","RioClaro",3.71,27.1,13.67,3.39,1.29,4.93,68.8,2.85,3.97,3.96,3.97
"2015-01-28","Cantareira",50.40,5.1,982.07,18.87,0.97,70.70,26.7,152.20,14.24,17.44,15.21
"2015-01-28","AltoTiete",60.83,10.6,573.81,27.21,6.79,33.19,82.0,65.95,9.93,10.70,7.11
"2015-01-28","Guarapiranga",81.15,47.4,171.19,43.06,0.00,25.22,170.7,56.90,14.69,14.32,14.69
"2015-01-28","Cotia",4.70,28.5,16.50,1.03,0.06,3.30,31.1,4.45,0.75,0.76,0.81
"2015-01-28","RioGrande",83.63,74.6,112.18,10.72,0.00,9.54,112.4,23.69,5.17,5.12,5.17
"2015-01-28","RioClaro",3.63,26.6,13.67,2.84,0.57,4.93,57.7,2.85,3.97,3.96,3.97
"2015-01-29","Cantareira",50.23,5.1,982.07,14.41,0.77,70.70,20.4,152.20,15.08,17.35,15.85
"2015-01-29","AltoTiete",61.18,10.7,573.81,16.97,6.34,33.19,51.1,65.95,11.20,10.71,8.74
"2015-01-29","Guarapiranga",81.82,47.8,171.19,22.53,0.00,25.22,89.3,56.90,14.74,14.33,14.74
"2015-01-29","Cotia",4.70,28.5,16.50,0.81,0.06,3.30,24.5,4.45,0.75,0.76,0.81
"2015-01-29","RioGrande",83.47,74.4,112.18,3.32,0.00,9.54,34.8,23.69,5.17,5.12,5.17
"2015-01-29","RioClaro",3.55,26.0,13.67,2.68,0.77,4.93,54.4,2.85,3.97,3.96,3.97
"2015-01-30","Cantareira",49.93,5.1,982.07,13.41,0.77,70.70,19.0,152.20,16.08,17.31,16.85
"2015-01-30","AltoTiete",61.08,10.6,573.81,11.31,6.34,33.19,34.1,65.95,10.62,10.71,8.28
"2015-01-30","Guarapiranga",82.50,48.2,171.19,22.66,0.00,25.22,89.9,56.90,14.85,14.35,14.85
"2015-01-30","Cotia",4.70,28.5,16.50,0.81,0.06,3.30,24.5,4.45,0.75,0.76,0.81
"2015-01-30","RioGrande",83.15,74.1,112.18,1.26,0.00,9.54,13.2,23.69,4.95,5.11,4.95
"2015-01-30","RioClaro",3.49,25.6,13.67,2.59,0.72,4.93,52.5,2.85,3.98,3.96,3.98
"2015-01-31","Cantareira",49.65,5.1,982.07,13.47,0.77,70.70,19.1,152.20,16.08,17.27,16.85
"2015-01-31","AltoTiete",61.74,10.8,573.81,20.02,6.34,33.19,60.3,65.95,10.62,10.71,16.96
"2015-01-31","Guarapiranga",82.27,48.1,171.19,12.25,0.00,25.22,48.6,56.90,14.85,14.37,14.85
"2015-01-31","Cotia",4.68,28.4,16.50,0.59,0.06,3.30,17.9,4.45,0.75,0.76,0.81
"2015-01-31","RioGrande",83.79,74.7,112.18,12.36,0.00,9.54,129.5,23.69,4.95,5.10,4.95
"2015-01-31","RioClaro",3.87,28.3,13.67,7.59,17.44,4.93,154.1,2.85,3.98,3.96,3.98
"2015-02-01","Cantareira",49.21,5.0,982.07,9.25,0.77,72.90,12.7,163.27,16.08,17.23,16.85
"2015-02-01","AltoTiete",63.14,11.0,573.81,32.46,9.48,27.56,117.8,70.93,10.62,10.71,20.10
"2015-02-01","Guarapiranga",82.05,47.9,171.19,12.25,0.00,21.17,57.9,49.00,14.85,14.38,14.85
"2015-02-01","Cotia",4.63,28.0,16.50,0.17,0.06,2.27,7.3,3.86,0.75,0.76,0.81
"2015-02-01","RioGrande",84.12,75.0,112.18,8.67,0.00,9.65,89.8,23.88,4.95,5.10,4.95
"2015-02-01","RioClaro",3.94,28.8,13.67,7.51,15.50,3.76,199.9,2.99,3.98,3.96,3.98
"2015-02-02","Cantareira",48.62,5.0,982.07,8.09,1.18,72.90,11.1,163.27,14.03,14.03,15.21
"2015-02-02","AltoTiete",63.23,11.0,573.81,15.89,9.17,27.56,57.7,70.93,9.41,9.41,18.70
"2015-02-02","Guarapiranga",82.05,47.9,171.19,14.84,0.00,21.17,70.1,49.00,14.84,14.84,14.84
"2015-02-02","Cotia",4.63,28.0,16.50,0.80,0.06,2.27,35.4,3.86,0.75,0.75,0.80
"2015-02-02","RioGrande",84.12,75.0,112.18,4.95,0.00,9.65,51.3,23.88,4.95,4.95,4.95
"2015-02-02","RioClaro",3.99,29.2,13.67,7.25,4.83,3.76,192.8,2.99,3.90,3.90,3.90
"2015-02-03","Cantareira",49.66,5.1,982.07,26.92,1.45,72.90,36.9,163.27,13.27,13.65,14.72
"2015-02-03","AltoTiete",63.42,11.1,573.81,18.17,9.40,27.56,65.9,70.93,10.63,10.02,11.93
"2015-02-03","Guarapiranga",82.05,47.9,171.19,15.08,0.00,21.17,71.2,49.00,15.08,14.96,15.08
"2015-02-03","Cotia",4.63,28.0,16.50,0.77,0.06,2.27,33.9,3.86,0.71,0.73,0.77
"2015-02-03","RioGrande",83.95,74.8,112.18,3.10,0.00,9.65,32.1,23.88,4.95,4.95,4.95
"2015-02-03","RioClaro",4.03,29.5,13.67,3.87,4.95,3.76,103.0,2.99,3.93,3.91,3.93
"2015-02-04","Cantareira",50.58,5.2,982.07,25.88,0.81,72.90,35.5,163.27,14.46,13.92,15.27
"2015-02-04","AltoTiete",63.12,11.0,573.81,12.45,9.40,27.56,45.2,70.93,11.20,10.41,11.80
"2015-02-04","Guarapiranga",82.05,47.9,171.19,15.14,0.00,21.17,71.5,49.00,15.14,15.02,15.14
"2015-02-04","Cotia",4.68,28.4,16.50,1.41,0.06,2.27,62.2,3.86,0.71,0.72,0.77
"2015-02-04","RioGrande",83.95,74.8,112.18,5.02,0.00,9.65,52.0,23.88,5.02,4.97,5.02
"2015-02-04","RioClaro",4.08,29.8,13.67,3.02,4.75,3.76,80.3,2.99,3.88,3.90,3.88
"2015-02-05","Cantareira",51.05,5.2,982.07,20.50,0.77,72.90,28.1,163.27,14.39,14.04,15.16
"2015-02-05","AltoTiete",63.13,11.0,573.81,13.10,10.76,27.56,61.4,70.93,11.29,10.63,12.67
"2015-02-05","Guarapiranga",82.27,48.1,171.19,17.93,0.00,21.17,84.7,49.00,15.33,15.10,15.33
"2015-02-05","Cotia",4.79,29.1,16.50,2.38,0.21,2.27,104.6,3.86,0.87,0.74,1.08
"2015-02-05","RioGrande",84.28,75.1,112.18,8.60,0.00,9.65,89.2,23.88,4.89,4.95,4.89
"2015-02-05","RioClaro",4.10,30.0,13.67,3.54,1.31,3.76,94.2,2.99,3.31,3.76,3.31
"2015-02-06","Cantareira",53.40,5.4,982.07,45.09,0.77,72.90,61.9,163.27,15.24,14.28,16.01
"2015-02-06","AltoTiete",66.24,11.5,573.81,48.19,9.75,27.56,180.3,70.93,9.46,10.40,9.60
"2015-02-06","Guarapiranga",85.21,49.8,171.19,48.32,0.00,21.17,228.2,49.00,14.26,14.93,14.26
"2015-02-06","Cotia",5.04,30.6,16.50,4.67,0.99,2.27,205.8,3.86,0.82,0.76,1.81
"2015-02-06","RioGrande",85.73,76.4,112.18,21.62,0.00,9.65,224.0,23.88,4.78,4.92,4.78
"2015-02-06","RioClaro",4.15,30.4,13.67,4.46,2.60,3.76,118.5,2.99,3.87,3.78,3.87
"2015-02-07","Cantareira",54.83,5.6,982.07,30.37,0.64,72.90,41.7,163.27,15.12,14.42,15.76
"2015-02-07","AltoTiete",69.30,12.1,573.81,48.24,9.80,27.56,178.3,70.93,9.96,10.32,9.69
"2015-02-07","Guarapiranga",87.50,51.1,171.19,40.69,0.00,21.17,192.2,49.00,14.23,14.81,14.23
"2015-02-07","Cotia",5.31,32.2,16.50,4.28,0.06,2.27,188.6,3.86,1.06,0.81,1.12
"2015-02-07","RioGrande",87.69,78.2,112.18,27.46,0.00,9.65,284.5,23.88,4.75,4.89,4.75
"2015-02-07","RioClaro",4.22,30.9,13.67,7.85,3.19,3.76,208.7,2.99,3.93,3.80,3.93
"2015-02-08","Cantareira",56.32,5.7,982.07,31.90,0.47,72.90,43.8,163.27,13.69,14.31,14.16
"2015-02-08","AltoTiete",70.98,12.4,573.81,30.55,7.59,27.56,110.8,70.93,10.19,10.31,8.28
"2015-02-08","Guarapiranga",89.57,52.3,171.19,38.86,0.00,21.17,183.6,49.00,14.85,14.82,14.85
"2015-02-08","Cotia",5.37,32.6,16.50,1.58,0.06,2.27,69.8,3.86,0.84,0.81,0.89
"2015-02-08","RioGrande",88.52,78.9,112.18,14.29,0.00,9.65,148.1,23.88,4.74,4.87,4.74
"2015-02-08","RioClaro",4.24,31.0,13.67,3.76,3.44,3.76,100.1,2.99,3.94,3.82,3.94
"2015-02-09","Cantareira",57.77,5.9,982.07,30.76,0.47,72.90,42.2,163.27,13.62,14.23,14.09
"2015-02-09","AltoTiete",72.02,12.6,573.81,25.34,7.48,27.56,91.9,70.93,10.68,10.35,9.13
"2015-02-09","Guarapiranga",91.43,53.4,171.19,35.73,0.00,21.17,168.8,49.00,14.24,14.75,14.24
"2015-02-09","Cotia",5.45,33.1,16.50,1.71,0.06,2.27,75.1,3.86,0.72,0.80,0.78
"2015-02-09","RioGrande",88.35,78.8,112.18,2.84,0.00,9.65,29.4,23.88,4.75,4.85,4.75
"2015-02-09","RioClaro",4.26,31.1,13.67,3.30,1.86,3.76,87.8,2.99,3.94,3.84,3.94
"2015-02-10","Cantareira",59.47,6.1,982.07,34.97,0.86,72.90,48.0,163.27,14.34,14.24,15.20
"2015-02-10","AltoTiete",72.71,12.7,573.81,17.59,7.48,27.56,75.3,70.93,10.28,10.34,15.61
"2015-02-10","Guarapiranga",92.83,54.2,171.19,30.61,0.00,21.17,144.6,49.00,14.40,14.71,14.40
"2015-02-10","Cotia",5.49,33.3,16.50,1.28,0.06,2.27,56.5,3.86,0.76,0.80,0.82
"2015-02-10","RioGrande",88.35,78.8,112.18,4.91,0.00,9.65,50.8,23.88,4.91,4.86,4.91
"2015-02-10","RioClaro",4.27,31.3,13.67,3.29,0.89,3.76,87.6,2.99,3.94,3.85,3.94
"2015-02-11","Cantareira",62.70,6.4,982.07,52.17,0.67,72.90,71.6,163.27,13.64,14.18,14.31
"2015-02-11","AltoTiete",74.27,12.9,573.81,30.07,7.48,27.56,111.8,70.93,10.28,10.34,13.53
"2015-02-11","Guarapiranga",94.24,55.0,171.19,31.11,0.00,21.17,147.0,49.00,14.83,14.72,14.83
"2015-02-11","Cotia",5.56,33.7,16.50,1.51,0.06,2.27,66.5,3.86,0.75,0.79,0.81
"2015-02-11","RioGrande",88.85,79.2,112.18,10.55,0.00,9.65,109.3,23.88,4.80,4.85,4.80
"2015-02-11","RioClaro",4.29,31.4,13.67,3.52,0.81,3.76,93.7,2.99,4.04,3.87,4.04
"2015-02-12","Cantareira",65.72,6.7,982.07,50.29,0.47,72.90,69.0,163.27,14.24,14.19,14.71
"2015-02-12","AltoTiete",75.79,13.2,573.81,34.36,6.25,27.56,106.6,70.93,10.44,10.37,15.67
"2015-02-12","Guarapiranga",94.47,55.2,171.19,16.56,0.00,21.17,78.2,49.00,13.84,14.64,13.84
"2015-02-12","Cotia",5.66,34.3,16.50,1.99,0.06,2.27,87.8,3.86,0.76,0.79,0.81
"2015-02-12","RioGrande",89.51,79.8,112.18,12.48,0.00,9.65,129.3,23.88,4.78,4.85,4.78
"2015-02-12","RioClaro",4.33,31.7,13.67,5.62,0.85,3.76,149.6,2.99,3.88,3.87,3.88
"2015-02-13","Cantareira",67.71,6.9,982.07,39.70,0.47,72.90,54.5,163.27,15.55,14.30,16.02
"2015-02-13","AltoTiete",76.42,13.3,573.81,16.56,6.25,27.56,60.8,70.93,10.72,10.40,13.29
"2015-02-13","Guarapiranga",94.47,55.2,171.19,14.96,0.00,21.17,70.6,49.00,14.96,14.67,14.96
"2015-02-13","Cotia",5.66,34.3,16.50,0.88,0.06,2.27,38.6,3.86,0.82,0.79,0.88
"2015-02-13","RioGrande",89.68,79.9,112.18,6.77,0.00,9.65,70.2,23.88,4.84,4.85,4.84
"2015-02-13","RioClaro",4.34,31.8,13.67,3.15,1.29,3.76,83.7,2.99,4.10,3.89,4.10
"2015-02-14","Cantareira",69.42,7.1,982.07,35.51,0.47,72.90,48.7,163.27,14.87,14.34,15.34
"2015-02-14","AltoTiete",78.71,13.7,573.81,36.33,6.25,27.56,141.1,70.93,11.57,10.49,12.48
"2015-02-14","Guarapiranga",94.24,55.0,171.19,12.02,0.00,21.17,56.8,49.00,14.74,14.67,14.74
"2015-02-14","Cotia",5.64,34.2,16.50,0.63,0.06,2.27,27.9,3.86,0.81,0.79,0.87
"2015-02-14","RioGrande",90.01,80.2,112.18,8.69,0.00,9.65,90.1,23.88,4.83,4.85,4.83
"2015-02-14","RioClaro",4.37,31.9,13.67,6.20,1.80,3.76,164.9,2.99,3.47,3.86,3.47
"2015-02-15","Cantareira",72.13,7.3,982.07,46.60,0.47,72.90,63.9,163.27,14.32,14.34,14.79
"2015-02-15","AltoTiete",80.85,14.1,573.81,43.87,6.25,27.56,151.8,70.93,12.76,10.65,7.06
"2015-02-15","Guarapiranga",94.47,55.2,171.19,16.67,0.00,21.17,78.8,49.00,13.95,14.62,13.95
"2015-02-15","Cotia",5.68,34.4,16.50,1.34,0.07,2.27,59.1,3.86,0.80,0.79,0.87
"2015-02-15","RioGrande",90.52,80.7,112.18,10.78,0.00,9.65,111.7,23.88,4.97,4.85,4.97
"2015-02-15","RioClaro",4.39,32.1,13.67,3.41,3.49,3.76,90.6,2.99,3.25,3.81,3.25
"2015-02-16","Cantareira",76.23,7.8,982.07,61.47,0.47,72.90,84.3,163.27,13.50,14.29,13.97
"2015-02-16","AltoTiete",83.73,14.6,573.81,48.98,4.32,27.56,161.1,70.93,11.39,10.70,13.85
"2015-02-16","Guarapiranga",94.71,55.3,171.19,16.67,0.00,21.17,78.7,49.00,13.94,14.58,13.94
"2015-02-16","Cotia",5.70,34.5,16.50,1.06,0.06,2.27,46.6,3.86,0.76,0.79,0.82
"2015-02-16","RioGrande",91.02,81.1,112.18,10.80,0.00,9.65,111.9,23.88,4.96,4.86,4.96
"2015-02-16","RioClaro",4.48,32.8,13.67,8.33,1.73,3.76,221.6,2.99,3.08,3.76,3.08
"2015-02-17","Cantareira",81.63,8.3,982.07,75.39,0.47,72.90,103.4,163.27,12.49,14.17,12.96
"2015-02-17","AltoTiete",87.14,15.2,573.81,52.70,2.57,27.56,172.8,70.93,10.69,10.70,11.10
"2015-02-17","Guarapiranga",95.18,55.6,171.19,19.21,0.00,21.17,90.8,49.00,13.76,14.52,13.76
"2015-02-17","Cotia",5.72,34.7,16.50,1.05,0.06,2.27,46.2,3.86,0.75,0.79,0.81
"2015-02-17","RioGrande",92.03,82.0,112.18,16.40,0.00,9.65,170.0,23.88,4.68,4.85,4.68
"2015-02-17","RioClaro",4.54,33.2,13.67,4.61,4.05,3.76,122.7,2.99,3.99,3.78,3.99
"2015-02-18","Cantareira",87.08,8.9,982.07,78.21,0.47,72.90,107.3,163.27,12.68,14.09,13.15
"2015-02-18","AltoTiete",93.56,16.3,573.81,84.56,2.57,27.56,302.6,70.93,11.07,10.72,11.53
"2015-02-18","Guarapiranga",96.36,56.3,171.19,27.38,0.00,21.17,129.3,49.00,13.71,14.48,13.71
"2015-02-18","Cotia",5.82,35.3,16.50,1.95,0.06,2.27,85.7,3.86,0.69,0.78,0.75
"2015-02-18","RioGrande",93.05,82.9,112.18,16.66,0.00,9.65,172.6,23.88,4.86,4.85,4.86
"2015-02-18","RioClaro",4.72,34.6,13.67,9.35,5.20,3.76,248.8,2.99,3.92,3.79,3.92
"2015-02-19","Cantareira",93.07,9.5,982.07,82.99,0.47,72.90,113.8,163.27,13.39,14.05,13.86
"2015-02-19","AltoTiete",98.88,17.2,573.81,74.15,1.29,27.56,251.6,70.93,11.22,10.75,8.17
"2015-02-19","Guarapiranga",97.31,56.8,171.19,25.71,0.00,21.17,121.5,49.00,14.74,14.49,14.74
"2015-02-19","Cotia",5.97,36.2,16.50,2.51,0.06,2.27,110.8,3.86,0.76,0.78,0.82
"2015-02-19","RioGrande",94.08,83.9,112.18,16.35,0.00,9.65,169.4,23.88,4.48,4.83,4.48
"2015-02-19","RioClaro",4.76,34.8,13.67,5.30,8.72,3.76,140.9,2.99,3.84,3.79,3.84
"2015-02-20","Cantareira",97.72,10.0,982.07,67.47,0.47,72.90,92.5,163.27,13.44,14.01,13.91
"2015-02-20","AltoTiete",101.86,17.8,573.81,43.73,3.05,27.56,157.7,70.93,10.93,10.76,12.19
"2015-02-20","Guarapiranga",97.78,57.1,171.19,20.17,0.00,21.17,95.3,49.00,14.67,14.50,14.67
"2015-02-20","Cotia",6.03,36.6,16.50,1.54,0.06,2.27,67.7,3.86,0.75,0.78,0.80
"2015-02-20","RioGrande",94.08,83.9,112.18,4.90,0.00,9.65,50.8,23.88,4.90,4.83,4.90
"2015-02-20","RioClaro",4.79,35.0,13.67,4.54,4.28,3.76,120.8,2.99,3.76,3.79,3.76
"2015-02-21","Cantareira",100.03,10.2,982.07,41.40,0.47,72.90,56.8,163.27,13.40,13.98,13.87
"2015-02-21","AltoTiete",103.54,18.0,573.81,27.65,3.21,27.56,104.5,70.93,11.24,10.78,11.72
"2015-02-21","Guarapiranga",98.50,57.5,171.19,23.25,0.00,21.17,109.8,49.00,14.98,14.52,14.98
"2015-02-21","Cotia",6.03,36.6,16.50,0.80,0.06,2.27,35.4,3.86,0.75,0.78,0.80
"2015-02-21","RioGrande",94.08,83.9,112.18,4.90,0.00,9.65,50.8,23.88,4.90,4.84,4.90
"2015-02-21","RioClaro",4.80,35.2,13.67,4.69,2.94,3.76,124.7,2.99,3.76,3.79,3.76
"2015-02-22","Cantareira",101.87,10.4,982.07,37.10,0.47,72.90,50.9,163.27,13.40,13.96,13.87
"2015-02-22","AltoTiete",104.64,18.2,573.81,19.97,3.12,27.56,78.9,70.93,11.24,10.80,12.34
"2015-02-22","Guarapiranga",98.50,57.5,171.19,14.98,0.00,21.17,70.8,49.00,14.98,14.55,14.98
"2015-02-22","Cotia",6.03,36.6,16.50,0.81,0.06,2.27,35.8,3.86,0.76,0.78,0.81
"2015-02-22","RioGrande",93.73,83.6,112.18,0.99,0.00,9.65,10.2,23.88,4.95,4.85,4.95
"2015-02-22","RioClaro",4.82,35.3,13.67,4.38,2.27,3.76,116.5,2.99,3.94,3.80,3.94
"2015-02-23","Cantareira",103.62,10.6,982.07,34.98,0.47,72.90,48.0,163.27,14.02,14.00,14.49
"2015-02-23","AltoTiete",105.12,18.3,573.81,14.33,3.12,27.56,60.4,70.93,13.02,10.95,8.98
"2015-02-23","Guarapiranga",98.50,57.5,171.19,14.81,0.00,21.17,69.9,49.00,14.81,14.54,14.81
"2015-02-23","Cotia",6.01,36.4,16.50,0.53,0.06,2.27,23.4,3.86,0.72,0.77,0.78
"2015-02-23","RioGrande",93.56,83.4,112.18,3.15,0.00,9.65,32.7,23.88,5.13,4.85,5.13
"2015-02-23","RioClaro",4.83,35.4,13.67,3.47,1.67,3.76,92.4,2.99,3.90,3.81,3.90
"2015-02-24","Cantareira",104.69,10.7,982.07,27.14,0.47,72.90,37.2,163.27,14.06,14.01,14.53
"2015-02-24","AltoTiete",104.95,18.3,573.81,11.20,6.66,27.56,52.1,70.93,11.45,10.97,12.31
"2015-02-24","Guarapiranga",98.26,57.4,171.19,12.48,0.00,21.17,59.0,49.00,15.24,14.57,15.24
"2015-02-24","Cotia",6.05,36.7,16.50,1.34,0.06,2.27,58.9,3.86,0.79,0.78,0.85
"2015-02-24","RioGrande",93.22,83.1,112.18,0.57,0.00,9.65,5.9,23.88,4.53,4.83,4.53
"2015-02-24","RioClaro",4.84,35.4,13.67,3.32,1.05,3.76,88.4,2.99,3.97,3.81,3.97
"2015-02-25","Cantareira",106.11,10.8,982.07,32.12,0.47,72.90,44.1,163.27,14.27,14.02,14.74
"2015-02-25","AltoTiete",104.88,18.3,573.81,19.40,8.93,27.56,64.2,70.93,11.25,10.99,16.00
"2015-02-25","Guarapiranga",100.41,58.7,171.19,39.64,0.00,21.17,187.3,49.00,14.76,14.58,14.76
"2015-02-25","Cotia",6.01,36.4,16.50,0.30,0.06,2.27,13.1,3.86,0.73,0.77,0.79
"2015-02-25","RioGrande",93.56,83.4,112.18,8.96,0.00,9.65,92.8,23.88,5.00,4.84,5.00
"2015-02-25","RioClaro",4.85,35.5,13.67,3.23,0.73,3.76,86.0,2.99,3.94,3.82,3.94
"2015-02-26","Cantareira",108.58,11.1,982.07,42.48,0.47,72.90,58.3,163.27,13.71,14.01,14.18
"2015-02-26","AltoTiete",105.15,18.3,573.81,18.37,10.69,27.56,84.4,70.93,11.40,11.00,17.86
"2015-02-26","Guarapiranga",102.33,59.8,171.19,36.47,0.00,21.17,172.3,49.00,14.22,14.56,14.22
"2015-02-26","Cotia",6.22,37.7,16.50,3.22,0.06,2.27,141.8,3.86,0.69,0.77,0.75
"2015-02-26","RioGrande",93.39,83.3,112.18,2.91,0.00,9.65,30.2,23.88,4.89,4.84,4.89
"2015-02-26","RioClaro",4.88,35.7,13.67,3.54,0.94,3.76,94.0,2.99,3.89,3.82,3.89
"2015-02-27","Cantareira",109.45,11.1,982.07,25.08,0.47,72.90,34.4,163.27,13.99,14.01,14.46
"2015-02-27","AltoTiete",105.15,18.3,573.81,21.90,10.80,27.56,69.1,70.93,11.16,11.01,17.04
"2015-02-27","Guarapiranga",102.81,60.1,171.19,20.04,0.00,21.17,97.3,49.00,15.03,14.58,15.03
"2015-02-27","Cotia",6.38,38.6,16.50,2.75,0.07,2.27,121.0,3.86,0.92,0.78,0.99
"2015-02-27","RioGrande",93.22,83.1,112.18,2.85,0.00,9.65,29.6,23.88,4.83,4.84,4.83
"2015-02-27","RioClaro",4.89,35.8,13.67,3.23,0.67,3.76,86.0,2.99,3.91,3.82,3.91
"2015-02-28","Cantareira",112.00,11.4,982.07,45.04,0.47,72.90,61.8,163.27,14.44,14.02,14.91
"2015-02-28","AltoTiete",105.06,18.3,573.81,21.53,10.80,27.56,64.5,70.93,11.69,11.03,16.88
"2015-02-28","Guarapiranga",103.30,60.3,171.19,20.80,0.00,21.17,98.3,49.00,15.21,14.60,15.21
"2015-02-28","Cotia",6.57,39.8,16.50,3.37,0.06,2.27,148.6,3.86,1.02,0.79,1.08
"2015-02-28","RioGrande",92.88,82.8,112.18,0.90,0.00,9.65,9.4,23.88,4.85,4.84,4.85
"2015-02-28","RioClaro",4.91,35.9,13.67,3.82,0.71,3.76,101.7,2.99,3.93,3.83,3.93
"2015-03-01","Cantareira",114.06,11.6,982.07,39.12,0.47,66.20,59.1,144.00,15.00,14.06,15.47
"2015-03-01","AltoTiete",106.71,18.6,573.81,41.79,10.80,24.60,150.4,66.56,11.94,11.07,17.45
"2015-03-01","Guarapiranga",105.72,61.8,171.19,42.29,0.00,18.44,234.1,48.30,15.11,14.62,15.11
"2015-03-01","Cotia",6.71,40.7,16.50,2.36,0.06,1.96,120.5,2.69,0.76,0.79,0.81
"2015-03-01","RioGrande",95.80,85.4,112.18,38.95,0.00,8.46,460.4,22.10,5.14,4.85,5.14
"2015-03-01","RioClaro",5.22,38.2,13.67,17.61,7.22,4.60,382.9,2.94,4.01,3.83,4.01
"2015-03-02","Cantareira",114.49,11.7,982.07,18.36,0.47,66.20,27.7,144.00,12.84,12.84,13.31
"2015-03-02","AltoTiete",107.74,18.8,573.81,33.03,6.86,24.60,134.3,66.56,11.60,11.60,16.75
"2015-03-02","Guarapiranga",106.70,62.3,171.19,26.13,0.00,18.44,141.7,48.30,14.85,14.85,14.85
"2015-03-02","Cotia",6.75,40.9,16.50,1.36,0.06,1.96,69.2,2.69,0.78,0.78,0.84
"2015-03-02","RioGrande",96.15,85.7,112.18,8.97,0.00,8.46,106.1,22.10,4.95,4.95,4.95
"2015-03-02","RioClaro",5.24,38.3,13.67,9.43,8.33,4.60,205.0,2.94,3.91,3.91,3.91
"2015-03-03","Cantareira",114.65,11.7,982.07,16.55,0.47,66.20,25.0,144.00,13.97,13.40,14.44
"2015-03-03","AltoTiete",108.29,18.9,573.81,16.67,5.34,24.60,67.8,66.56,11.12,11.36,11.40
"2015-03-03","Guarapiranga",107.43,62.8,171.19,23.36,0.00,18.44,126.7,48.30,14.89,14.87,14.89
"2015-03-03","Cotia",6.75,40.9,16.50,0.81,0.06,1.96,41.3,2.69,0.75,0.77,0.81
"2015-03-03","RioGrande",96.15,85.7,112.18,4.84,0.00,8.46,57.2,22.10,4.84,4.90,4.84
"2015-03-03","RioClaro",5.25,38.4,13.67,4.82,2.67,4.60,104.8,2.94,3.93,3.92,3.93
"2015-03-04","Cantareira",114.57,11.7,982.07,13.44,0.47,66.20,20.3,144.00,13.28,13.36,13.75
"2015-03-04","AltoTiete",108.54,18.9,573.81,17.46,9.65,24.60,71.0,66.56,12.45,11.72,16.76
"2015-03-04","Guarapiranga",107.92,63.0,171.19,20.40,0.00,18.44,110.6,48.30,14.74,14.83,14.74
"2015-03-04","Cotia",6.73,40.8,16.50,0.56,0.06,1.96,28.8,2.69,0.77,0.77,0.82
"2015-03-04","RioGrande",95.80,85.4,112.18,0.96,0.00,8.46,11.3,22.10,4.98,4.92,4.98
"2015-03-04","RioClaro",5.26,38.5,13.67,3.99,1.45,4.60,86.7,2.94,3.96,3.93,3.96
"2015-03-05","Cantareira",114.47,11.7,982.07,14.34,0.47,66.20,21.7,144.00,14.56,13.66,15.03
"2015-03-05","AltoTiete",108.44,18.9,573.81,13.65,10.80,24.60,55.5,66.56,11.76,11.73,13.76
"2015-03-05","Guarapiranga",107.92,63.0,171.19,15.02,0.00,18.44,81.5,48.30,15.02,14.88,15.02
"2015-03-05","Cotia",6.71,40.7,16.50,0.56,0.06,1.96,28.6,2.69,0.76,0.77,0.82
"2015-03-05","RioGrande",95.80,85.4,112.18,5.02,0.00,8.46,59.3,22.10,5.02,4.95,5.02
"2015-03-05","RioClaro",5.27,38.5,13.67,3.78,1.05,4.60,82.1,2.94,4.02,3.95,4.02
"2015-03-06","Cantareira",114.64,11.7,982.07,17.46,0.47,66.20,26.4,144.00,14.58,13.84,15.05
"2015-03-06","AltoTiete",107.58,18.7,573.81,9.49,10.80,24.60,38.6,66.56,11.90,11.77,18.53
"2015-03-06","Guarapiranga",107.67,62.9,171.19,12.19,0.00,18.44,66.1,48.30,15.02,14.91,15.02
"2015-03-06","Cotia",6.75,40.9,16.50,1.34,0.06,1.96,68.4,2.69,0.76,0.77,0.82
"2015-03-06","RioGrande",95.63,85.2,112.18,2.80,0.00,8.46,33.1,22.10,4.80,4.92,4.80
"2015-03-06","RioClaro",5.28,38.6,13.67,3.62,0.92,4.60,78.6,2.94,3.90,3.94,3.90
"2015-03-07","Cantareira",117.33,11.9,982.07,45.95,0.47,66.20,69.4,144.00,15.00,14.04,15.47
"2015-03-07","AltoTiete",108.06,18.8,573.81,17.45,7.54,24.60,70.9,66.56,11.83,11.78,14.02
"2015-03-07","Guarapiranga",109.88,64.2,171.19,40.69,0.00,18.44,220.7,48.30,15.14,14.95,15.14
"2015-03-07","Cotia",6.91,41.9,16.50,2.65,0.06,1.96,135.0,2.69,0.75,0.76,0.81
"2015-03-07","RioGrande",97.20,86.6,112.18,22.97,0.00,8.46,271.5,22.10,4.84,4.91,4.84
"2015-03-07","RioClaro",5.30,38.8,13.67,3.65,1.01,4.60,79.4,2.94,4.02,3.96,4.02
"2015-03-08","Cantareira",121.06,12.3,982.07,55.07,0.47,66.20,83.2,144.00,13.85,14.01,14.32
"2015-03-08","AltoTiete",109.62,19.1,573.81,28.44,6.20,24.60,115.6,66.56,11.66,11.76,12.82
"2015-03-08","Guarapiranga",115.82,67.7,171.19,83.76,0.00,18.44,454.2,48.30,14.95,14.95,14.95
"2015-03-08","Cotia",7.40,44.8,16.50,6.52,0.12,1.96,332.5,2.69,0.75,0.76,0.87
"2015-03-08","RioGrande",98.42,87.7,112.18,19.23,0.00,8.46,227.3,22.10,5.00,4.92,5.00
"2015-03-08","RioClaro",5.31,38.9,13.67,3.63,1.21,4.60,79.0,2.94,3.41,3.88,3.41
"2015-03-09","Cantareira",126.58,12.9,982.07,78.19,0.47,66.20,118.1,144.00,13.11,13.90,13.58
"2015-03-09","AltoTiete",113.04,19.7,573.81,49.71,6.20,24.60,202.1,66.56,11.27,11.70,12.95
"2015-03-09","Guarapiranga",118.58,69.3,171.19,45.98,0.00,18.44,249.4,48.30,14.13,14.85,14.13
"2015-03-09","Cotia",8.30,50.3,16.50,11.68,0.12,1.96,596.1,2.69,1.10,0.80,1.22
"2015-03-09","RioGrande",100.73,89.8,112.18,31.43,0.00,8.46,371.5,22.10,4.73,4.90,4.73
"2015-03-09","RioClaro",5.37,39.3,13.67,5.23,1.12,4.60,113.6,2.94,3.79,3.87,3.79
"2015-03-10","Cantareira",130.30,13.3,982.07,56.61,0.47,66.20,85.5,144.00,13.38,13.84,13.85
"2015-03-10","AltoTiete",114.43,19.9,573.81,26.10,4.91,24.60,106.0,66.56,11.05,11.63,11.54
"2015-03-10","Guarapiranga",120.59,70.4,171.19,37.22,0.00,18.44,201.9,48.30,13.94,14.74,13.94
"2015-03-10","Cotia",8.48,51.4,16.50,3.21,0.06,1.96,163.8,2.69,1.10,0.84,1.16
"2015-03-10","RioGrande",103.61,92.4,112.18,37.93,0.00,8.46,448.3,22.10,4.55,4.86,4.55
"2015-03-10","RioClaro",5.41,39.6,13.67,6.13,2.42,4.60,133.2,2.94,3.79,3.86,3.79
"2015-03-11","Cantareira",134.19,13.7,982.07,59.76,0.47,66.20,90.3,144.00,13.86,13.84,14.33
"2015-03-11","AltoTiete",115.80,20.2,573.81,26.75,4.73,24.60,108.7,66.56,11.48,11.61,11.75
"2015-03-11","Guarapiranga",122.61,71.6,171.19,37.94,0.00,18.44,205.7,48.30,14.56,14.73,14.56
"2015-03-11","Cotia",8.63,52.3,16.50,2.68,0.06,1.96,136.9,2.69,0.85,0.81,0.90
"2015-03-11","RioGrande",103.98,92.7,112.18,9.08,0.00,8.46,107.3,22.10,4.87,4.86,4.87
"2015-03-11","RioClaro",5.44,39.8,13.67,5.00,2.81,4.60,108.8,2.94,3.85,3.87,3.85
"2015-03-12","Cantareira",137.23,14.0,982.07,49.62,0.47,66.20,75.0,144.00,14.19,13.87,14.66
"2015-03-12","AltoTiete",117.11,20.4,573.81,24.37,4.73,24.60,99.1,66.56,11.64,11.61,12.29
"2015-03-12","Guarapiranga",123.62,72.2,171.19,26.55,0.00,18.44,144.0,48.30,14.83,14.74,14.83
"2015-03-12","Cotia",8.79,53.3,16.50,2.76,0.06,1.96,141.0,2.69,0.91,0.82,0.97
"2015-03-12","RioGrande",104.71,93.3,112.18,13.40,0.00,8.46,158.4,22.10,4.95,4.87,4.95
"2015-03-12","RioClaro",5.45,39.9,13.67,4.01,1.54,4.60,87.2,2.94,3.87,3.87,3.87
"2015-03-13","Cantareira",140.70,14.3,982.07,54.30,0.47,66.20,82.0,144.00,13.70,13.86,14.17
"2015-03-13","AltoTiete",117.96,20.6,573.81,27.50,8.00,24.60,93.0,66.56,9.70,11.46,11.60
"2015-03-13","Guarapiranga",124.63,72.8,171.19,22.62,0.00,18.44,122.7,48.30,10.87,14.41,10.87
"2015-03-13","Cotia",8.84,53.6,16.50,1.48,0.06,1.96,75.4,2.69,0.82,0.82,0.87
"2015-03-13","RioGrande",106.73,95.1,112.18,28.37,0.00,8.46,335.4,22.10,4.95,4.87,4.95
"2015-03-13","RioClaro",5.46,40.0,13.67,3.74,1.70,4.60,81.4,2.94,3.87,3.87,3.87
"2015-03-14","Cantareira",142.20,14.5,982.07,32.25,0.47,66.20,48.7,144.00,13.63,13.84,14.10
"2015-03-14","AltoTiete",120.78,21.0,573.81,47.38,8.00,24.60,192.6,66.56,11.55,11.64,12.61
"2015-03-14","Guarapiranga",126.42,73.8,171.19,35.47,0.00,18.44,192.4,48.30,14.86,14.77,14.86
"2015-03-14","Cotia",8.95,54.2,16.50,2.09,0.06,1.96,106.4,2.69,0.82,0.82,0.87
"2015-03-14","RioGrande",107.85,96.1,112.18,17.46,0.00,8.46,206.4,22.10,4.57,4.84,4.57
"2015-03-14","RioClaro",5.49,40.2,13.67,4.15,1.51,4.60,90.1,2.94,4.05,3.90,4.05
"2015-03-15","Cantareira",143.73,14.6,982.07,32.51,0.47,66.20,49.1,144.00,14.39,13.88,14.86
"2015-03-15","AltoTiete",123.19,21.5,573.81,40.76,6.11,24.60,163.3,66.56,11.91,11.66,12.80
"2015-03-15","Guarapiranga",127.95,74.7,171.19,32.65,0.00,18.44,177.1,48.30,14.93,14.78,14.93
"2015-03-15","Cotia",9.03,54.7,16.50,1.72,0.06,1.96,87.8,2.69,0.75,0.82,0.80
"2015-03-15","RioGrande",109.72,97.8,112.18,26.77,0.00,8.46,316.4,22.10,5.10,4.86,5.10
"2015-03-15","RioClaro",5.51,40.4,13.67,3.94,1.45,4.60,85.7,2.94,3.93,3.90,3.93
"2015-03-16","Cantareira",147.70,15.0,982.07,59.15,0.47,66.20,89.4,144.00,13.63,13.86,14.10
"2015-03-16","AltoTiete",125.12,21.8,573.81,32.33,6.11,24.60,131.4,66.56,12.11,11.69,12.28
"2015-03-16","Guarapiranga",129.74,75.8,171.19,35.57,0.00,18.44,192.9,48.30,14.84,14.78,14.84
"2015-03-16","Cotia",9.05,54.9,16.50,1.15,0.09,1.96,58.9,2.69,0.76,0.81,0.85
"2015-03-16","RioGrande",110.10,98.1,112.18,9.23,0.00,8.46,109.2,22.10,4.87,4.86,4.87
"2015-03-16","RioClaro",5.52,40.4,13.67,3.85,0.76,4.60,83.6,2.94,3.93,3.90,3.93
"2015-03-17","Cantareira",150.59,15.3,982.07,48.40,0.47,66.20,73.1,144.00,13.69,13.85,14.16
"2015-03-17","AltoTiete",126.39,22.0,573.81,24.43,6.11,24.60,99.3,66.56,12.01,11.71,12.76
"2015-03-17","Guarapiranga",131.53,76.8,171.19,36.04,0.00,18.44,195.5,48.30,15.25,14.81,15.25
"2015-03-17","Cotia",9.24,56.0,16.50,2.98,0.07,1.96,151.9,2.69,0.75,0.81,0.82
"2015-03-17","RioGrande",110.28,98.3,112.18,7.19,0.00,8.46,85.0,22.10,5.01,4.87,5.01
"2015-03-17","RioClaro",5.54,40.5,13.67,3.56,0.41,4.60,77.3,2.94,3.95,3.90,3.95
"2015-03-18","Cantareira",152.84,15.6,982.07,40.79,0.47,66.20,61.6,144.00,13.89,13.86,14.36
"2015-03-18","AltoTiete",127.14,22.2,573.81,18.33,6.11,24.60,74.5,66.56,11.68,11.71,12.29
"2015-03-18","Guarapiranga",132.56,77.4,171.19,26.76,0.00,18.44,145.1,48.30,14.85,14.81,14.85
"2015-03-18","Cotia",9.35,56.7,16.50,2.36,0.08,1.96,120.2,2.69,1.03,0.82,1.11
"2015-03-18","RioGrande",110.10,98.1,112.18,2.84,0.00,8.46,33.5,22.10,5.02,4.88,5.02
"2015-03-18","RioClaro",5.56,40.6,13.67,3.71,0.85,4.60,80.7,2.94,3.90,3.90,3.90
"2015-03-19","Cantareira",155.40,15.8,982.07,44.44,0.47,66.20,67.1,144.00,13.98,13.86,14.45
"2015-03-19","AltoTiete",127.64,22.2,573.81,23.50,6.11,24.60,77.0,66.56,11.61,11.70,10.61
"2015-03-19","Guarapiranga",133.85,78.2,171.19,30.20,0.00,18.44,163.8,48.30,15.28,14.84,15.28
"2015-03-19","Cotia",9.48,57.5,16.50,2.43,0.06,1.96,124.1,2.69,0.81,0.82,0.87
"2015-03-19","RioGrande",109.91,98.0,112.18,2.84,0.00,8.46,33.6,22.10,5.02,4.89,5.02
"2015-03-19","RioClaro",5.57,40.7,13.67,3.64,1.18,4.60,79.0,2.94,3.95,3.91,3.95
"2015-03-20","Cantareira",157.48,16.0,982.07,39.04,0.47,66.20,59.0,144.00,14.14,13.88,14.61
"2015-03-20","AltoTiete",128.51,22.4,573.81,28.20,8.00,24.60,96.1,66.56,10.06,11.61,11.32
"2015-03-20","Guarapiranga",136.18,79.5,171.19,39.54,0.00,18.44,214.4,48.30,12.62,14.72,12.62
"2015-03-20","Cotia",9.92,60.1,16.50,5.96,0.06,1.96,304.2,2.69,0.81,0.82,0.87
"2015-03-20","RioGrande",109.72,97.8,112.18,2.84,0.00,8.46,33.6,22.10,5.02,4.89,5.02
"2015-03-20","RioClaro",5.61,41.0,13.67,4.98,1.24,4.60,108.2,2.94,4.09,3.92,4.09
"2015-03-21","Cantareira",160.13,16.3,982.07,45.12,0.47,66.20,68.2,144.00,14.14,13.89,14.61
"2015-03-21","AltoTiete",128.83,22.5,573.81,23.70,8.00,24.60,77.3,66.56,11.92,11.72,12.75
"2015-03-21","Guarapiranga",139.55,81.5,171.19,53.60,0.00,18.44,290.7,48.30,14.57,14.81,14.57
"2015-03-21","Cotia",10.15,61.5,16.50,3.41,0.06,1.96,173.8,2.69,0.75,0.81,0.81
"2015-03-21","RioGrande",109.91,98.0,112.18,7.12,0.00,8.46,84.2,22.10,4.94,4.89,4.94
"2015-03-21","RioClaro",5.62,41.1,13.67,3.73,1.01,4.60,81.0,2.94,4.09,3.92,4.09
"2015-03-22","Cantareira",163.47,16.6,982.07,53.21,0.47,66.20,80.4,144.00,14.35,13.86,14.82
"2015-03-22","AltoTiete",130.06,22.7,573.81,33.30,8.00,24.60,116.5,66.56,11.18,11.66,12.07
"2015-03-22","Guarapiranga",142.15,83.0,171.19,45.14,0.00,18.44,244.8,48.30,15.00,14.82,15.00
"2015-03-22","Cotia",10.26,62.2,16.50,2.14,0.06,1.96,108.9,2.69,0.77,0.81,0.82
"2015-03-22","RioGrande",110.10,98.1,112.18,7.19,0.00,8.46,85.0,22.10,5.01,4.90,5.01
"2015-03-22","RioClaro",5.65,41.3,13.67,3.91,1.85,4.60,85.1,2.94,4.08,3.93,4.08
"2015-03-23","Cantareira",168.26,17.1,982.07,68.69,0.47,66.20,103.8,144.00,12.70,13.81,13.17
"2015-03-23","AltoTiete",131.35,22.9,573.81,35.20,8.00,24.60,125.3,66.56,12.28,11.74,14.25
"2015-03-23","Guarapiranga",143.46,83.8,171.19,30.02,0.00,18.44,162.8,48.30,14.91,14.83,14.91
"2015-03-23","Cotia",10.37,62.9,16.50,2.16,0.06,1.96,110.0,2.69,0.78,0.82,0.84
"2015-03-23","RioGrande",110.28,98.3,112.18,7.02,0.00,8.46,83.0,22.10,4.83,4.89,4.83
"2015-03-23","RioClaro",5.87,42.9,13.67,12.62,2.77,4.60,274.3,2.94,4.07,3.94,4.07
"2015-03-24","Cantareira",173.04,17.6,982.07,70.18,0.47,66.20,106.0,144.00,14.09,13.82,14.56
"2015-03-24","AltoTiete",132.20,23.0,573.81,25.20,3.74,24.60,83.1,66.56,11.66,11.73,8.55
"2015-03-24","Guarapiranga",144.24,84.3,171.19,24.28,0.00,18.44,131.7,48.30,15.21,14.85,15.21
"2015-03-24","Cotia",10.46,63.4,16.50,1.81,0.06,1.96,92.2,2.69,0.75,0.82,0.81
"2015-03-24","RioGrande",110.28,98.3,112.18,4.84,0.00,8.46,57.2,22.10,4.84,4.89,4.84
"2015-03-24","RioClaro",5.89,43.1,13.67,4.46,3.01,4.60,97.1,2.94,3.97,3.93,3.97
"2015-03-25","Cantareira",176.68,18.0,982.07,57.67,0.47,66.20,87.1,144.00,14.84,13.86,15.31
"2015-03-25","AltoTiete",132.78,23.1,573.81,27.86,3.74,24.60,113.3,66.56,12.43,11.76,12.48
"2015-03-25","Guarapiranga",145.03,84.7,171.19,23.60,0.00,18.44,128.0,48.30,14.52,14.83,14.52
"2015-03-25","Cotia",10.55,63.9,16.50,1.82,0.06,1.96,92.8,2.69,0.76,0.81,0.82
"2015-03-25","RioGrande",109.91,98.0,112.18,0.58,0.00,8.46,6.8,22.10,4.94,4.89,4.94
"2015-03-25","RioClaro",5.93,43.4,13.67,4.41,2.42,4.60,95.9,2.94,3.94,3.93,3.94
"2015-03-26","Cantareira",179.13,18.2,982.07,45.56,0.47,66.20,68.8,144.00,16.00,13.95,16.47
"2015-03-26","AltoTiete",132.31,23.1,573.81,15.38,8.00,24.60,62.5,66.56,12.88,11.80,15.35
"2015-03-26","Guarapiranga",145.55,85.0,171.19,18.13,0.00,18.44,98.3,48.30,12.07,14.72,12.07
"2015-03-26","Cotia",10.57,64.1,16.50,1.14,0.06,1.96,58.0,2.69,0.75,0.81,0.80
"2015-03-26","RioGrande",109.91,98.0,112.18,5.05,0.00,8.46,59.7,22.10,5.05,4.90,5.05
"2015-03-26","RioClaro",5.95,43.5,13.67,3.76,1.27,4.60,81.7,2.94,3.95,3.93,3.95
"2015-03-27","Cantareira",181.13,18.4,982.07,38.99,0.47,66.20,58.9,144.00,15.03,13.99,15.50
"2015-03-27","AltoTiete",132.03,23.0,573.81,17.20,8.00,24.60,69.9,66.56,12.43,11.83,15.37
"2015-03-27","Guarapiranga",145.55,85.0,171.19,14.95,0.00,18.44,81.1,48.30,14.95,14.73,14.95
"2015-03-27","Cotia",10.60,64.3,16.50,1.14,0.06,1.96,58.2,2.69,0.75,0.81,0.81
"2015-03-27","RioGrande",109.72,97.8,112.18,2.81,0.00,8.46,33.3,22.10,4.99,4.90,4.99
"2015-03-27","RioClaro",5.96,43.6,13.67,3.52,0.86,4.60,76.4,2.94,3.94,3.93,3.94
"2015-03-28","Cantareira",182.89,18.6,982.07,35.80,0.47,66.20,54.1,144.00,14.83,14.02,15.30
"2015-03-28","AltoTiete",131.64,22.9,573.81,16.16,8.00,24.60,65.7,66.56,12.58,11.85,14.36
"2015-03-28","Guarapiranga",145.55,85.0,171.19,15.09,0.00,18.44,81.8,48.30,15.09,14.74,15.09
"2015-03-28","Cotia",10.63,64.4,16.50,1.14,0.06,1.96,58.3,2.69,0.75,0.81,0.81
"2015-03-28","RioGrande",109.53,97.6,112.18,2.78,0.00,8.46,32.9,22.10,4.96,4.90,4.96
"2015-03-28","RioClaro",5.97,43.7,13.67,3.40,0.26,4.60,73.8,2.94,3.96,3.93,3.96
"2015-03-29","Cantareira",183.47,18.7,982.07,22.88,0.47,66.20,34.6,144.00,15.02,14.05,15.49
"2015-03-29","AltoTiete",131.43,22.9,573.81,18.27,8.00,24.60,74.3,66.56,12.75,11.89,14.67
"2015-03-29","Guarapiranga",145.55,85.0,171.19,15.09,0.00,18.44,81.8,48.30,15.09,14.76,15.09
"2015-03-29","Cotia",10.63,64.4,16.50,0.82,0.06,1.96,41.7,2.69,0.76,0.80,0.82
"2015-03-29","RioGrande",109.16,97.3,112.18,0.86,0.00,8.46,10.2,22.10,5.21,4.91,5.21
"2015-03-29","RioClaro",5.97,43.7,13.67,3.22,0.26,4.60,70.0,2.94,3.91,3.93,3.91
"2015-03-30","Cantareira",185.59,18.9,982.07,38.47,0.47,66.20,58.1,144.00,13.50,14.04,13.97
"2015-03-30","AltoTiete",131.04,22.8,573.81,7.96,8.00,24.60,32.4,66.56,11.97,11.89,12.45
"2015-03-30","Guarapiranga",145.55,85.0,171.19,15.17,0.00,18.44,82.3,48.30,15.17,14.77,15.17
"2015-03-30","Cotia",10.66,64.6,16.50,1.15,0.06,1.96,58.6,2.69,0.76,0.80,0.81
"2015-03-30","RioGrande",109.16,97.3,112.18,4.91,0.00,8.46,58.1,22.10,4.91,4.91,4.91
"2015-03-30","RioClaro",5.99,43.9,13.67,3.61,0.30,4.60,78.4,2.94,3.94,3.93,3.94
"2015-03-31","Cantareira",186.74,19.0,982.07,28.32,0.47,66.20,42.8,144.00,14.29,14.04,14.76
"2015-03-31","AltoTiete",130.91,22.8,573.81,12.64,8.00,24.60,76.4,66.56,12.29,11.90,14.15
"2015-03-31","Guarapiranga",145.81,85.2,171.19,17.53,0.00,18.44,95.0,48.30,14.50,14.76,14.50
"2015-03-31","Cotia",10.75,65.2,16.50,1.83,0.06,1.96,93.1,2.69,0.76,0.80,0.82
"2015-03-31","RioGrande",109.34,97.5,112.18,7.20,0.00,8.46,85.2,22.10,5.03,4.92,5.03
"2015-03-31","RioClaro",5.96,43.6,13.67,3.86,0.33,4.60,83.8,2.94,4.01,3.94,4.01
"2015-04-01","Cantareira",187.60,19.1,982.07,24.50,0.47,47.90,51.1,108.50,14.38,14.06,14.85
"2015-04-01","AltoTiete",130.30,22.7,573.81,8.38,9.34,20.45,41.0,48.39,12.08,11.91,15.43
"2015-04-01","Guarapiranga",145.55,85.0,171.19,11.28,0.00,13.64,82.7,30.81,14.31,14.75,14.31
"2015-04-01","Cotia",10.72,65.0,16.50,0.48,0.06,1.57,30.6,2.56,0.76,0.80,0.82
"2015-04-01","RioGrande",108.97,97.1,112.18,0.71,0.00,5.46,13.0,12.17,5.05,4.92,5.05
"2015-04-01","RioClaro",5.92,43.3,13.67,3.67,0.26,5.00,73.4,2.38,3.94,3.94,3.94
"2015-04-02","Cantareira",188.51,19.2,982.07,25.03,0.47,47.90,52.3,108.50,14.38,14.38,14.85
"2015-04-02","AltoTiete",129.86,22.6,573.81,11.24,9.34,20.45,55.0,48.39,12.16,12.16,16.33
"2015-04-02","Guarapiranga",145.29,84.9,171.19,11.74,0.00,13.64,86.1,30.81,14.77,14.77,14.77
"2015-04-02","Cotia",10.72,65.0,16.50,0.82,0.06,1.57,52.0,2.56,0.76,0.76,0.82
"2015-04-02","RioGrande",108.78,97.0,112.18,2.92,0.00,5.46,53.5,12.17,5.09,5.09,5.09
"2015-04-02","RioClaro",5.91,43.2,13.67,3.50,0.39,5.00,69.9,2.38,4.05,4.05,4.05
"2015-04-03","Cantareira",188.91,19.2,982.07,18.96,0.47,47.90,39.6,108.50,13.70,13.95,14.17
"2015-04-03","AltoTiete",129.31,22.5,573.81,8.42,8.65,20.45,41.2,48.39,12.12,12.14,14.86
"2015-04-03","Guarapiranga",145.29,84.9,171.19,14.93,0.00,13.64,109.4,30.81,14.93,14.85,14.93
"2015-04-03","Cotia",10.69,64.8,16.50,0.49,0.06,1.57,31.1,2.56,0.77,0.76,0.82
"2015-04-03","RioGrande",108.41,96.6,112.18,0.74,0.00,5.46,13.5,12.17,5.07,5.08,5.07
"2015-04-03","RioClaro",5.89,43.1,13.67,3.28,0.48,5.00,65.7,2.38,3.95,4.00,3.95
"2015-04-04","Cantareira",189.34,19.3,982.07,18.93,0.47,47.90,39.5,108.50,13.86,13.92,14.33
"2015-04-04","AltoTiete",128.65,22.4,573.81,7.21,8.59,20.45,35.5,48.39,12.33,12.20,14.82
"2015-04-04","Guarapiranga",145.03,84.7,171.19,11.90,0.00,13.64,87.2,30.81,14.92,14.87,14.92
"2015-04-04","Cotia",10.69,64.8,16.50,0.82,0.06,1.57,52.2,2.56,0.76,0.76,0.82
"2015-04-04","RioGrande",108.22,96.5,112.18,2.94,0.00,5.46,53.8,12.17,5.10,5.09,5.10
"2015-04-04","RioClaro",5.88,43.0,13.67,3.56,0.43,5.00,71.1,2.38,3.95,3.99,3.95
"2015-04-05","Cantareira",189.56,19.3,982.07,16.51,0.47,47.90,34.5,108.50,13.71,13.87,14.18
"2015-04-05","AltoTiete",128.13,22.3,573.81,7.83,7.36,20.45,38.3,48.39,12.31,12.23,13.89
"2015-04-05","Guarapiranga",144.77,84.6,171.19,12.30,0.00,13.64,90.2,30.81,15.33,14.99,15.33
"2015-04-05","Cotia",10.69,64.8,16.50,0.81,0.06,1.57,51.6,2.56,0.75,0.76,0.81
"2015-04-05","RioGrande",108.03,96.3,112.18,2.98,0.00,5.46,54.5,12.17,5.13,5.10,5.13
"2015-04-05","RioClaro",5.86,42.8,13.67,3.36,0.41,5.00,67.3,2.38,3.94,3.97,3.94
"2015-04-06","Cantareira",190.29,19.4,982.07,22.23,0.47,47.90,46.4,108.50,13.62,13.82,14.09
"2015-04-06","AltoTiete",127.82,22.3,573.81,9.48,7.36,20.45,46.4,48.39,11.89,12.16,13.07
"2015-04-06","Guarapiranga",144.24,84.3,171.19,9.31,0.00,13.64,68.2,30.81,15.36,15.06,15.36
"2015-04-06","Cotia",10.69,64.8,16.50,0.81,0.06,1.57,51.5,2.56,0.75,0.76,0.81
"2015-04-06","RioGrande",107.85,96.1,112.18,2.83,0.00,5.46,51.9,12.17,4.99,5.08,4.99
"2015-04-06","RioClaro",5.82,42.6,13.67,4.07,0.39,5.00,81.5,2.38,3.93,3.96,3.93
"2015-04-07","Cantareira",192.33,19.6,982.07,36.91,0.47,47.90,77.1,108.50,13.14,13.70,13.61
"2015-04-07","AltoTiete",127.63,22.2,573.81,10.89,7.36,20.45,53.3,48.39,11.81,12.10,13.13
"2015-04-07","Guarapiranga",144.24,84.3,171.19,15.09,0.00,13.64,110.6,30.81,15.09,15.07,15.09
"2015-04-07","Cotia",10.72,65.0,16.50,1.15,0.06,1.57,73.1,2.56,0.75,0.76,0.81
"2015-04-07","RioGrande",108.03,96.3,112.18,7.15,0.00,5.46,131.0,12.17,4.99,5.06,4.99
"2015-04-07","RioClaro",6.11,44.7,13.67,11.53,0.61,5.00,230.6,2.38,3.96,3.96,3.96
"2015-04-08","Cantareira",193.36,19.7,982.07,26.56,0.47,47.90,55.5,108.50,13.92,13.74,14.39
"2015-04-08","AltoTiete",128.00,22.3,573.81,17.47,7.80,20.45,85.5,48.39,11.46,12.01,13.14
"2015-04-08","Guarapiranga",143.98,84.1,171.19,12.26,0.00,13.64,89.8,30.81,15.28,15.10,15.28
"2015-04-08","Cotia",10.78,65.3,16.50,1.49,0.06,1.57,95.0,2.56,0.76,0.76,0.82
"2015-04-08","RioGrande",108.59,96.8,112.18,11.56,0.00,5.46,211.7,12.17,5.07,5.06,5.07
"2015-04-08","RioClaro",6.18,45.2,13.67,13.66,11.92,5.00,273.1,2.38,3.96,3.96,3.96
"2015-04-09","Cantareira",193.93,19.7,982.07,20.82,0.47,47.90,43.5,108.50,13.15,13.66,13.62
"2015-04-09","AltoTiete",127.78,22.3,573.81,10.17,7.80,20.45,49.7,48.39,10.99,11.88,12.73
"2015-04-09","Guarapiranga",143.98,84.1,171.19,14.78,0.00,13.64,108.4,30.81,14.78,15.06,14.78
"2015-04-09","Cotia",10.75,65.2,16.50,0.45,0.06,1.57,28.8,2.56,0.73,0.76,0.79
"2015-04-09","RioGrande",108.78,97.0,112.18,7.13,0.00,5.46,130.6,12.17,4.96,5.05,4.96
"2015-04-09","RioClaro",6.19,45.3,13.67,4.14,1.97,5.00,82.7,2.38,3.78,3.94,3.78
"2015-04-10","Cantareira",194.83,19.8,982.07,24.88,0.47,47.90,51.9,108.50,13.49,13.64,13.96
"2015-04-10","AltoTiete",127.45,22.2,573.81,10.43,7.80,20.45,51.0,48.39,12.62,12.08,14.24
"2015-04-10","Guarapiranga",143.98,84.1,171.19,15.21,0.00,13.64,111.5,30.81,15.21,15.08,15.21
"2015-04-10","Cotia",10.72,65.0,16.50,0.47,0.06,1.57,29.8,2.56,0.75,0.75,0.80
"2015-04-10","RioGrande",108.78,97.0,112.18,5.13,0.00,5.46,94.0,12.17,5.13,5.06,5.13
"2015-04-10","RioClaro",6.20,45.4,13.67,3.90,1.59,5.00,77.9,2.38,3.95,3.91,3.95
"2015-04-11","Cantareira",195.12,19.9,982.07,17.86,0.47,47.90,37.3,108.50,13.87,13.67,14.34
"2015-04-11","AltoTiete",127.20,22.2,573.81,11.17,7.36,20.45,54.6,48.39,12.29,12.10,14.12
"2015-04-11","Guarapiranga",143.72,84.0,171.19,12.13,0.00,13.64,88.9,30.81,15.16,15.08,15.16
"2015-04-11","Cotia",10.72,65.0,16.50,0.83,0.06,1.57,52.7,2.56,0.77,0.76,0.83
"2015-04-11","RioGrande",108.78,97.0,112.18,5.15,0.00,5.46,94.3,12.17,5.15,5.07,5.15
"2015-04-11","RioClaro",6.21,45.4,13.67,3.54,0.59,5.00,70.8,2.38,3.93,3.92,3.93
"2015-04-12","Cantareira",195.38,19.9,982.07,16.92,0.52,47.90,35.3,108.50,13.44,13.65,13.96
"2015-04-12","AltoTiete",126.55,22.1,573.81,6.67,7.36,20.45,32.6,48.39,12.68,12.15,14.20
"2015-04-12","Guarapiranga",143.46,83.8,171.19,11.62,0.00,13.64,85.2,30.81,14.64,15.04,14.64
"2015-04-12","Cotia",10.66,64.6,16.50,0.49,0.06,1.57,31.1,2.56,1.10,0.79,1.16
"2015-04-12","RioGrande",108.41,96.6,112.18,0.89,0.00,5.46,16.2,12.17,5.21,5.08,5.21
"2015-04-12","RioClaro",6.21,45.4,13.67,3.31,0.59,5.00,66.2,2.38,3.82,3.91,3.82
"2015-04-13","Cantareira",195.53,19.9,982.07,15.28,0.62,47.90,31.9,108.50,12.45,13.55,13.07
"2015-04-13","AltoTiete",125.97,22.0,573.81,7.61,7.32,20.45,37.2,48.39,12.41,12.17,14.23
"2015-04-13","Guarapiranga",143.20,83.6,171.19,11.83,0.00,13.64,86.7,30.81,14.85,15.03,14.85
"2015-04-13","Cotia",10.66,64.6,16.50,0.80,0.06,1.57,50.9,2.56,0.74,0.78,0.80
"2015-04-13","RioGrande",108.22,96.5,112.18,2.98,0.00,5.46,54.6,12.17,5.14,5.09,5.14
"2015-04-13","RioClaro",6.22,45.5,13.67,3.39,0.59,5.00,67.8,2.38,3.89,3.91,3.89
"2015-04-14","Cantareira",195.60,19.9,982.07,15.30,0.62,47.90,31.9,108.50,13.61,13.55,14.23
"2015-04-14","AltoTiete",125.17,21.8,573.81,7.63,10.30,20.45,37.3,48.39,12.77,12.22,16.95
"2015-04-14","Guarapiranga",142.94,83.5,171.19,12.08,0.00,13.64,88.5,30.81,15.10,15.03,15.10
"2015-04-14","Cotia",10.66,64.6,16.50,0.81,0.06,1.57,51.6,2.56,0.75,0.78,0.81
"2015-04-14","RioGrande",108.03,96.3,112.18,3.07,0.00,5.46,56.3,12.17,5.23,5.10,5.23
"2015-04-14","RioClaro",6.19,45.3,13.67,3.71,0.37,5.00,74.2,2.38,3.81,3.90,3.81
"2015-04-15","Cantareira",195.65,19.9,982.07,15.48,0.62,47.90,32.3,108.50,13.75,13.56,14.37
"2015-04-15","AltoTiete",124.72,21.7,573.81,8.14,7.32,20.45,39.8,48.39,12.06,12.21,13.88
"2015-04-15","Guarapiranga",142.68,83.3,171.19,12.24,0.00,13.64,89.7,30.81,15.26,15.05,15.26
"2015-04-15","Cotia",10.66,64.6,16.50,0.82,0.06,1.57,52.3,2.56,0.76,0.78,0.82
"2015-04-15","RioGrande",107.85,96.1,112.18,2.85,0.00,5.46,52.2,12.17,5.01,5.09,5.01
"2015-04-15","RioClaro",6.15,45.0,13.67,3.64,0.62,5.00,72.9,2.38,3.85,3.89,3.85
"2015-04-16","Cantareira",195.74,19.9,982.07,15.78,0.85,47.90,33.0,108.50,14.13,13.60,14.98
"2015-04-16","AltoTiete",126.61,22.1,573.81,36.29,7.32,20.45,177.4,48.39,12.50,12.23,14.87
"2015-04-16","Guarapiranga",142.68,83.3,171.19,15.28,0.00,13.64,112.0,30.81,15.28,15.06,15.28
"2015-04-16","Cotia",10.72,65.0,16.50,1.48,0.06,1.57,94.3,2.56,0.75,0.78,0.81
"2015-04-16","RioGrande",108.22,96.5,112.18,9.29,0.00,5.46,170.1,12.17,4.97,5.08,4.97
"2015-04-16","RioClaro",6.15,45.0,13.67,4.68,0.89,5.00,93.6,2.38,3.95,3.90,3.95
"2015-04-17","Cantareira",195.88,19.9,982.07,18.12,1.52,47.90,37.8,108.50,14.47,13.66,15.99
"2015-04-17","AltoTiete",126.99,22.1,573.81,15.84,5.80,20.45,77.5,48.39,11.66,12.19,11.45
"2015-04-17","Guarapiranga",142.68,83.3,171.19,15.20,0.00,13.64,111.5,30.81,15.20,15.07,15.20
"2015-04-17","Cotia",10.75,65.2,16.50,1.15,0.06,1.57,73.4,2.56,0.76,0.78,0.82
"2015-04-17","RioGrande",108.03,96.3,112.18,3.01,0.00,5.46,55.1,12.17,5.17,5.09,5.17
"2015-04-17","RioClaro",6.16,45.0,13.67,4.06,2.22,5.00,81.2,2.38,3.93,3.90,3.93
"2015-04-18","Cantareira",195.74,19.9,982.07,14.16,1.40,47.90,29.6,108.50,14.04,13.68,15.44
"2015-04-18","AltoTiete",127.11,22.2,573.81,12.10,5.83,20.45,59.2,48.39,11.71,12.16,10.76
"2015-04-18","Guarapiranga",142.41,83.2,171.19,12.21,0.00,13.64,89.5,30.81,15.23,15.08,15.23
"2015-04-18","Cotia",10.72,65.0,16.50,0.48,0.06,1.57,30.4,2.56,0.76,0.78,0.81
"2015-04-18","RioGrande",108.03,96.3,112.18,5.22,0.00,5.46,95.6,12.17,5.22,5.10,5.22
"2015-04-18","RioClaro",6.17,45.1,13.67,3.63,1.10,5.00,72.7,2.38,3.81,3.90,3.81
"2015-04-19","Cantareira",195.66,19.9,982.07,14.13,1.37,47.90,29.5,108.50,13.88,13.69,15.25
"2015-04-19","AltoTiete",127.12,22.2,573.81,11.91,5.83,20.45,58.2,48.39,12.19,12.16,11.74
"2015-04-19","Guarapiranga",142.15,83.0,171.19,12.05,0.00,13.64,88.3,30.81,15.07,15.08,15.07
"2015-04-19","Cotia",10.75,65.2,16.50,1.20,0.06,1.57,76.4,2.56,0.81,0.78,0.86
"2015-04-19","RioGrande",107.85,96.1,112.18,3.02,0.00,5.46,55.3,12.17,5.18,5.10,5.18
"2015-04-19","RioClaro",6.19,45.3,13.67,3.68,0.67,5.00,73.5,2.38,3.80,3.89,3.80
"2015-04-20","Cantareira",196.59,20.0,982.07,24.13,1.37,47.90,50.4,108.50,12.33,13.62,13.70
"2015-04-20","AltoTiete",127.85,22.3,573.81,20.00,5.83,20.45,97.8,48.39,12.21,12.17,11.59
"2015-04-20","Guarapiranga",141.89,82.9,171.19,12.11,0.00,13.64,88.8,30.81,15.13,15.08,15.13
"2015-04-20","Cotia",10.75,65.2,16.50,0.84,0.06,1.57,53.4,2.56,0.78,0.78,0.84
"2015-04-20","RioGrande",107.85,96.1,112.18,4.96,0.00,5.46,90.8,12.17,4.96,5.09,4.96
"2015-04-20","RioClaro",6.17,45.1,13.67,3.67,0.67,5.00,73.4,2.38,3.89,3.89,3.89
"2015-04-21","Cantareira",196.92,20.1,982.07,18.22,1.37,47.90,38.0,108.50,12.89,13.58,14.26
"2015-04-21","AltoTiete",127.50,22.2,573.81,8.01,5.83,20.45,39.2,48.39,12.05,12.16,12.06
"2015-04-21","Guarapiranga",141.37,82.6,171.19,8.67,0.00,13.64,63.5,30.81,14.70,15.06,14.70
"2015-04-21","Cotia",10.75,65.2,16.50,0.80,0.06,1.57,51.2,2.56,0.75,0.78,0.80
"2015-04-21","RioGrande",107.66,96.0,112.18,2.96,0.00,5.46,54.3,12.17,5.12,5.09,5.12
"2015-04-21","RioClaro",6.15,45.0,13.67,3.67,0.73,5.00,73.4,2.38,3.87,3.89,3.87
"2015-04-22","Cantareira",197.11,20.1,982.07,16.10,0.57,47.90,33.6,108.50,12.66,13.54,13.23
"2015-04-22","AltoTiete",127.77,22.3,573.81,13.06,5.83,20.45,63.9,48.39,12.74,12.19,12.64
"2015-04-22","Guarapiranga",141.11,82.4,171.19,12.33,0.00,13.64,90.4,30.81,15.34,15.08,15.34
"2015-04-22","Cotia",10.78,65.3,16.50,1.14,0.06,1.57,72.9,2.56,0.75,0.77,0.81
"2015-04-22","RioGrande",107.47,95.8,112.18,2.98,0.00,5.46,54.6,12.17,5.14,5.10,5.14
"2015-04-22","RioClaro",6.32,46.3,13.67,8.19,1.40,5.00,163.7,2.38,3.87,3.89,3.87
"2015-04-23","Cantareira",197.41,20.1,982.07,17.26,1.37,47.90,36.0,108.50,12.62,13.50,13.99
"2015-04-23","AltoTiete",128.48,22.4,573.81,19.15,5.83,20.45,93.7,48.39,12.44,12.20,11.03
"2015-04-23","Guarapiranga",141.37,82.6,171.19,17.96,0.00,13.64,131.7,30.81,14.95,15.07,14.95
"2015-04-23","Cotia",10.84,65.7,16.50,1.48,0.06,1.57,94.3,2.56,0.75,0.77,0.80
"2015-04-23","RioGrande",107.66,96.0,112.18,7.13,0.00,5.46,130.6,12.17,4.98,5.09,4.98
"2015-04-23","RioClaro",6.36,46.5,13.67,6.70,4.38,5.00,134.0,2.38,3.86,3.89,3.86
"2015-04-24","Cantareira",197.45,20.1,982.07,14.96,1.10,47.90,31.2,108.50,13.20,13.48,14.30
"2015-04-24","AltoTiete",128.66,22.4,573.81,12.17,5.83,20.45,59.5,48.39,11.85,12.18,10.07
"2015-04-24","Guarapiranga",141.37,82.6,171.19,14.95,0.00,13.64,109.6,30.81,14.95,15.07,14.95
"2015-04-24","Cotia",10.87,65.9,16.50,1.15,0.06,1.57,73.1,2.56,0.75,0.77,0.81
"2015-04-24","RioGrande",107.66,96.0,112.18,5.13,0.00,5.46,94.0,12.17,5.13,5.09,5.13
"2015-04-24","RioClaro",6.38,46.7,13.67,4.54,3.39,5.00,90.8,2.38,3.86,3.89,3.86
"2015-04-25","Cantareira",197.37,20.1,982.07,14.09,0.87,47.90,29.4,108.50,13.70,13.49,14.57
"2015-04-25","AltoTiete",128.60,22.4,573.81,12.49,5.83,20.45,61.1,48.39,13.16,12.23,13.18
"2015-04-25","Guarapiranga",141.37,82.6,171.19,14.66,0.00,13.64,107.5,30.81,14.66,15.05,14.66
"2015-04-25","Cotia",10.84,65.7,16.50,0.46,0.06,1.57,29.2,2.56,0.74,0.77,0.80
"2015-04-25","RioGrande",107.47,95.8,112.18,2.96,0.00,5.46,54.3,12.17,5.11,5.09,5.11
"2015-04-25","RioClaro",6.38,46.7,13.67,3.58,1.65,5.00,71.6,2.38,3.89,3.89,3.89
"2015-04-26","Cantareira",197.32,20.1,982.07,14.48,0.87,47.90,30.2,108.50,13.77,13.50,14.64
"2015-04-26","AltoTiete",128.59,22.4,573.81,12.20,5.83,20.45,59.6,48.39,12.57,12.24,12.25
"2015-04-26","Guarapiranga",141.11,82.4,171.19,12.23,0.00,13.64,89.7,30.81,15.25,15.06,15.25
"2015-04-26","Cotia",10.84,65.7,16.50,0.80,0.06,1.57,50.9,2.56,0.74,0.77,0.80
"2015-04-26","RioGrande",107.47,95.8,112.18,5.19,0.00,5.46,95.1,12.17,5.19,5.10,5.19
"2015-04-26","RioClaro",6.47,47.3,13.67,5.13,1.24,5.00,102.6,2.38,3.87,3.89,3.87
"2015-04-27","Cantareira",197.38,20.1,982.07,14.31,0.87,47.90,29.9,108.50,13.08,13.49,13.95
"2015-04-27","AltoTiete",128.58,22.4,573.81,12.56,5.83,20.45,61.4,48.39,12.75,12.26,12.75
"2015-04-27","Guarapiranga",140.85,82.3,171.19,12.24,0.00,13.64,89.7,30.81,15.25,15.07,15.25
"2015-04-27","Cotia",10.84,65.7,16.50,0.81,0.06,1.57,51.7,2.56,0.75,0.77,0.81
"2015-04-27","RioGrande",107.29,95.6,112.18,2.96,0.00,5.46,54.2,12.17,5.11,5.10,5.11
"2015-04-27","RioClaro",6.50,47.6,13.67,5.60,3.38,5.00,111.9,2.38,3.87,3.88,3.87
"2015-04-28","Cantareira",196.87,20.0,982.07,10.39,0.87,47.90,21.7,108.50,13.55,13.49,14.42
"2015-04-28","AltoTiete",128.44,22.4,573.81,11.08,5.83,20.45,54.2,48.39,12.40,12.26,12.61
"2015-04-28","Guarapiranga",140.59,82.1,171.19,12.16,0.00,13.64,89.2,30.81,15.18,15.07,15.18
"2015-04-28","Cotia",10.84,65.7,16.50,0.81,0.06,1.57,51.3,2.56,0.75,0.77,0.81
"2015-04-28","RioGrande",107.29,95.6,112.18,4.95,0.00,5.46,90.7,12.17,4.95,5.09,4.95
"2015-04-28","RioClaro",6.51,47.7,13.67,4.10,2.53,5.00,82.1,2.38,3.89,3.88,3.89
"2015-04-29","Cantareira",196.59,20.0,982.07,10.41,1.00,47.90,21.7,108.50,13.41,13.49,14.41
"2015-04-29","AltoTiete",128.01,22.3,573.81,7.68,5.83,20.45,37.6,48.39,12.10,12.26,12.70
"2015-04-29","Guarapiranga",140.33,82.0,171.19,12.10,0.00,13.64,88.7,30.81,15.11,15.07,15.11
"2015-04-29","Cotia",10.81,65.5,16.50,0.47,0.06,1.57,30.1,2.56,0.75,0.77,0.81
"2015-04-29","RioGrande",107.29,95.6,112.18,4.90,0.00,5.46,89.8,12.17,4.90,5.09,4.90
"2015-04-29","RioClaro",6.55,47.9,13.67,3.99,1.05,5.00,79.8,2.38,3.82,3.88,3.82
"2015-04-30","Cantareira",195.87,19.9,982.07,8.27,1.52,47.90,17.3,108.50,14.07,13.51,15.59
"2015-04-30","AltoTiete",128.16,22.3,573.81,14.82,5.83,20.45,72.5,48.39,12.60,12.27,13.09
"2015-04-30","Guarapiranga",140.07,81.8,171.19,11.14,0.00,13.64,81.7,30.81,14.16,15.04,14.16
"2015-04-30","Cotia",10.81,65.5,16.50,0.81,0.06,1.57,51.7,2.56,0.75,0.77,0.81
"2015-04-30","RioGrande",107.29,95.6,112.18,5.05,0.00,5.46,92.4,12.17,5.05,5.08,5.05
"2015-04-30","RioClaro",6.80,49.8,13.67,8.20,3.35,5.00,164.0,2.38,3.87,3.88,3.87
"2015-05-01","Cantareira",195.33,19.9,982.07,8.16,1.52,37.90,21.5,98.40,13.65,13.51,15.17
"2015-05-01","AltoTiete",128.99,22.5,573.81,22.06,5.83,16.49,133.7,40.25,12.37,12.27,12.40
"2015-05-01","Guarapiranga",139.81,81.7,171.19,12.23,0.00,10.78,113.4,22.10,15.24,15.05,15.24
"2015-05-01","Cotia",10.84,65.7,16.50,1.15,0.06,1.27,90.6,2.18,0.75,0.77,0.81
"2015-05-01","RioGrande",107.10,95.5,112.18,2.90,0.00,3.88,74.7,11.03,5.05,5.08,5.05
"2015-05-01","RioClaro",6.89,50.4,13.67,6.40,5.03,4.15,154.2,2.06,3.87,3.88,3.87
"2015-05-02","Cantareira",194.76,19.8,982.07,9.09,1.87,37.90,24.0,98.40,13.51,13.51,15.38
"2015-05-02","AltoTiete",129.13,22.5,573.81,13.58,5.83,16.49,82.3,40.25,12.37,12.37,12.05
"2015-05-02","Guarapiranga",139.81,81.7,171.19,14.76,0.00,10.78,136.9,22.10,14.76,14.76,14.76
"2015-05-02","Cotia",10.81,65.5,16.50,0.46,0.06,1.27,36.0,2.18,0.74,0.74,0.80
"2015-05-02","RioGrande",107.10,95.5,112.18,5.12,0.00,3.88,131.9,11.03,5.12,5.12,5.12
"2015-05-02","RioClaro",6.91,50.6,13.67,4.25,2.82,4.15,102.4,2.06,3.89,3.89,3.89
"2015-05-03","Cantareira",194.29,19.8,982.07,9.88,2.02,37.90,26.1,98.40,12.95,13.23,14.97
"2015-05-03","AltoTiete",128.74,22.4,573.81,8.32,5.83,16.49,50.5,40.25,12.58,12.49,12.80
"2015-05-03","Guarapiranga",139.55,81.5,171.19,11.75,0.00,10.78,109.0,22.10,14.76,14.76,14.76
"2015-05-03","Cotia",10.81,65.5,16.50,0.82,0.06,1.27,64.2,2.18,0.76,0.76,0.82
"2015-05-03","RioGrande",106.92,95.3,112.18,2.98,0.00,3.88,76.8,11.03,5.12,5.19,5.12
"2015-05-03","RioClaro",6.92,50.7,13.67,3.88,1.87,4.15,93.6,2.06,3.79,3.82,3.79
"2015-05-04","Cantareira",193.87,19.7,982.07,10.03,2.02,37.90,26.5,98.40,12.79,13.08,14.81
"2015-05-04","AltoTiete",128.43,22.4,573.81,8.64,5.83,16.49,52.4,40.25,11.91,12.30,12.27
"2015-05-04","Guarapiranga",139.29,81.4,171.19,11.94,0.00,10.78,110.8,22.10,14.95,14.97,14.95
"2015-05-04","Cotia",10.78,65.3,16.50,0.48,0.06,1.27,37.5,2.18,0.76,0.76,0.81
"2015-05-04","RioGrande",106.73,95.1,112.18,3.08,0.00,3.88,79.4,11.03,5.22,5.20,5.22
"2015-05-04","RioClaro",6.92,50.7,13.67,3.59,1.43,4.15,86.4,2.06,3.88,3.84,3.88
"2015-05-05","Cantareira",193.69,19.7,982.07,13.61,2.02,37.90,35.9,98.40,13.22,13.11,15.24
"2015-05-05","AltoTiete",128.96,22.5,573.81,18.38,5.83,16.49,111.5,40.25,12.59,12.37,12.21
"2015-05-05","Guarapiranga",139.03,81.2,171.19,12.11,0.00,10.78,112.3,22.10,15.12,15.00,15.12
"2015-05-05","Cotia",10.78,65.3,16.50,0.81,0.06,1.27,64.0,2.18,0.76,0.76,0.81
"2015-05-05","RioGrande",106.55,95.0,112.18,3.01,0.00,3.88,77.5,11.03,5.15,5.19,5.15
"2015-05-05","RioClaro",6.99,51.2,13.67,4.62,1.38,4.15,111.3,2.06,3.92,3.86,3.92
"2015-05-06","Cantareira",193.49,19.7,982.07,13.58,2.02,37.90,35.8,98.40,13.33,13.16,15.35
"2015-05-06","AltoTiete",128.82,22.5,573.81,10.22,5.83,16.49,62.0,40.25,12.14,12.32,11.80
"2015-05-06","Guarapiranga",138.77,81.1,171.19,11.93,0.00,10.78,110.7,22.10,14.94,14.99,14.94
"2015-05-06","Cotia",10.81,65.5,16.50,1.13,0.06,1.27,88.6,2.18,0.73,0.75,0.79
"2015-05-06","RioGrande",106.18,94.6,112.18,0.82,0.00,3.88,21.1,11.03,5.09,5.17,5.09
"2015-05-06","RioClaro",7.02,51.4,13.67,4.33,1.97,4.15,104.4,2.06,3.85,3.86,3.85
"2015-05-07","Cantareira",193.17,19.7,982.07,12.05,2.02,37.90,31.8,98.40,13.05,13.14,15.07
"2015-05-07","AltoTiete",128.62,22.4,573.81,10.05,5.83,16.49,61.0,40.25,11.96,12.26,12.45
"2015-05-07","Guarapiranga",138.51,80.9,171.19,12.04,0.00,10.78,111.7,22.10,15.04,15.00,15.04
"2015-05-07","Cotia",10.81,65.5,16.50,0.79,0.06,1.27,62.5,2.18,0.74,0.75,0.79
"2015-05-07","RioGrande",105.99,94.5,112.18,2.96,0.00,3.88,76.2,11.03,5.09,5.16,5.09
"2015-05-07","RioClaro",7.03,51.4,13.67,3.92,1.92,4.15,94.6,2.06,3.78,3.84,3.78
"2015-05-08","Cantareira",192.72,19.6,982.07,11.18,2.02,37.90,29.5,98.40,13.79,13.23,15.81
"2015-05-08","AltoTiete",128.99,22.5,573.81,15.79,5.83,16.49,95.8,40.25,11.70,12.18,11.41
"2015-05-08","Guarapiranga",138.77,81.1,171.19,17.92,0.00,10.78,166.2,22.10,14.91,14.99,14.91
"2015-05-08","Cotia",10.78,65.3,16.50,0.75,0.06,1.27,59.0,2.18,1.03,0.79,1.09
"2015-05-08","RioGrande",106.18,94.6,112.18,7.21,0.00,3.88,185.8,11.03,5.08,5.14,5.08
"2015-05-08","RioClaro",7.15,52.3,13.67,5.48,1.69,4.15,132.1,2.06,3.68,3.82,3.68
"2015-05-09","Cantareira",192.36,19.6,982.07,11.76,2.02,37.90,31.0,98.40,13.57,13.27,15.59
"2015-05-09","AltoTiete",129.54,22.6,573.81,17.04,5.10,16.49,103.4,40.25,11.76,12.13,10.70
"2015-05-09","Guarapiranga",138.51,80.9,171.19,11.72,0.00,10.78,108.7,22.10,14.73,14.95,14.73
"2015-05-09","Cotia",10.78,65.3,16.50,1.17,0.06,1.27,92.3,2.18,1.12,0.83,1.17
"2015-05-09","RioGrande",106.36,94.8,112.18,7.29,0.00,3.88,187.9,11.03,5.15,5.15,5.15
"2015-05-09","RioClaro",7.19,52.6,13.67,5.52,4.50,4.15,133.0,2.06,4.01,3.84,4.01
"2015-05-10","Cantareira",191.96,19.5,982.07,11.64,2.02,37.90,30.7,98.40,13.78,13.33,15.80
"2015-05-10","AltoTiete",129.72,22.6,573.81,13.91,5.10,16.49,84.4,40.25,12.31,12.15,11.84
"2015-05-10","Guarapiranga",138.51,80.9,171.19,14.96,0.00,10.78,138.8,22.10,14.96,14.96,14.96
"2015-05-10","Cotia",10.81,65.5,16.50,1.24,0.06,1.27,97.5,2.18,0.84,0.83,0.90
"2015-05-10","RioGrande",106.36,94.8,112.18,5.30,0.00,3.88,136.6,11.03,5.30,5.16,5.30
"2015-05-10","RioClaro",7.20,52.7,13.67,3.48,2.37,4.15,83.9,2.06,4.00,3.86,4.00
"2015-05-11","Cantareira",193.89,19.7,982.07,36.01,2.02,37.90,95.0,98.40,13.78,13.38,15.80
"2015-05-11","AltoTiete",131.35,22.9,573.81,30.65,5.10,16.49,185.9,40.25,12.26,12.16,11.83
"2015-05-11","Guarapiranga",140.07,81.8,171.19,33.19,0.00,10.78,307.9,22.10,15.14,14.97,15.14
"2015-05-11","Cotia",10.95,66.4,16.50,2.51,0.06,1.27,198.0,2.18,0.76,0.82,0.81
"2015-05-11","RioGrande",107.29,95.6,112.18,15.61,0.00,3.88,402.2,11.03,4.89,5.14,4.89
"2015-05-11","RioClaro",7.29,53.3,13.67,4.96,2.93,4.15,119.5,2.06,4.01,3.88,4.01
"2015-05-12","Cantareira",194.21,19.8,982.07,18.73,1.25,37.90,49.4,98.40,13.03,13.24,14.28
"2015-05-12","AltoTiete",132.12,23.0,573.81,19.57,5.18,16.49,118.7,40.25,11.99,12.15,10.66
"2015-05-12","Guarapiranga",141.11,82.4,171.19,26.00,0.00,10.78,241.2,22.10,13.95,14.88,13.95
"2015-05-12","Cotia",11.13,67.5,16.50,3.05,0.06,1.27,239.9,2.18,0.93,0.83,0.99
"2015-05-12","RioGrande",107.66,96.0,112.18,9.44,0.00,3.88,243.4,11.03,5.14,5.14,5.14
"2015-05-12","RioClaro",7.31,53.5,13.67,4.15,3.47,4.15,100.1,2.06,4.01,3.89,4.01
"2015-05-13","Cantareira",194.15,19.8,982.07,14.05,1.02,37.90,37.1,98.40,14.18,13.32,15.20
"2015-05-13","AltoTiete",132.81,23.1,573.81,19.50,5.18,16.49,118.3,40.25,12.75,12.20,11.53
"2015-05-13","Guarapiranga",141.63,82.7,171.19,20.65,0.00,10.78,191.6,22.10,14.62,14.86,14.62
"2015-05-13","Cotia",11.16,67.7,16.50,1.10,0.06,1.27,86.3,2.18,0.69,0.82,0.75
"2015-05-13","RioGrande",108.03,96.3,112.18,9.46,0.00,3.88,243.7,11.03,5.15,5.14,5.15
"2015-05-13","RioClaro",7.48,54.7,13.67,5.96,3.40,4.15,143.6,2.06,4.00,3.90,4.00
"2015-05-14","Cantareira",194.14,19.8,982.07,14.53,0.77,37.90,38.3,98.40,13.75,13.35,14.52
"2015-05-14","AltoTiete",133.86,23.3,573.81,25.39,5.10,16.49,154.0,40.25,12.50,12.22,13.15
"2015-05-14","Guarapiranga",141.63,82.7,171.19,14.85,0.00,10.78,137.7,22.10,14.85,14.86,14.85
"2015-05-14","Cotia",11.22,68.0,16.50,1.51,0.06,1.27,118.6,2.18,0.76,0.82,0.81
"2015-05-14","RioGrande",108.59,96.8,112.18,11.68,0.00,3.88,301.1,11.03,5.20,5.14,5.20
"2015-05-14","RioClaro",7.62,55.7,13.67,9.91,6.85,4.15,238.9,2.06,4.02,3.91,4.02
"2015-05-15","Cantareira",194.08,19.8,982.07,13.61,0.67,37.90,35.9,98.40,12.98,13.33,13.65
"2015-05-15","AltoTiete",133.96,23.3,573.81,12.62,5.10,16.49,76.5,40.25,12.59,12.25,11.47
"2015-05-15","Guarapiranga",141.63,82.7,171.19,15.15,0.00,10.78,140.5,22.10,15.15,14.88,15.15
"2015-05-15","Cotia",11.28,68.4,16.50,1.50,0.06,1.27,118.4,2.18,0.75,0.81,0.81
"2015-05-15","RioGrande",108.59,96.8,112.18,5.17,0.00,3.88,133.2,11.03,5.17,5.14,5.17
"2015-05-15","RioClaro",7.63,55.8,13.67,4.57,3.35,4.15,110.2,2.06,4.00,3.91,4.00
"2015-05-16","Cantareira",193.92,19.7,982.07,13.44,1.53,37.90,35.5,98.40,13.61,13.35,15.14
"2015-05-16","AltoTiete",133.91,23.3,573.81,12.23,5.10,16.49,74.1,40.25,12.29,12.25,12.88
"2015-05-16","Guarapiranga",141.63,82.7,171.19,15.25,0.00,10.78,141.4,22.10,15.25,14.90,15.25
"2015-05-16","Cotia",11.28,68.4,16.50,0.81,0.06,1.27,64.0,2.18,0.76,0.81,0.81
"2015-05-16","RioGrande",108.41,96.6,112.18,2.99,0.00,3.88,76.9,11.03,5.15,5.14,5.15
"2015-05-16","RioClaro",7.64,55.9,13.67,4.13,2.06,4.15,99.6,2.06,3.98,3.92,3.98
"2015-05-17","Cantareira",193.69,19.7,982.07,13.64,1.67,37.90,36.0,98.40,13.50,13.35,15.17
"2015-05-17","AltoTiete",133.85,23.3,573.81,12.26,5.10,16.49,74.3,40.25,12.98,12.30,12.86
"2015-05-17","Guarapiranga",141.63,82.7,171.19,15.38,0.00,10.78,142.6,22.10,15.38,14.93,15.38
"2015-05-17","Cotia",11.28,68.4,16.50,0.81,0.06,1.27,64.1,2.18,0.76,0.81,0.81
"2015-05-17","RioGrande",108.22,96.5,112.18,3.16,0.00,3.88,81.5,11.03,5.32,5.16,5.32
"2015-05-17","RioClaro",7.65,56.0,13.67,3.73,2.22,4.15,90.0,2.06,3.99,3.92,3.99
"2015-05-18","Cantareira",193.57,19.7,982.07,13.98,1.72,37.90,36.9,98.40,13.60,13.37,15.32
"2015-05-18","AltoTiete",133.90,23.3,573.81,12.61,5.10,16.49,76.5,40.25,12.29,12.30,12.04
"2015-05-18","Guarapiranga",141.37,82.6,171.19,12.00,0.00,10.78,111.3,22.10,15.01,14.94,15.01
"2015-05-18","Cotia",11.28,68.4,16.50,0.81,0.06,1.27,64.2,2.18,0.76,0.80,0.81
"2015-05-18","RioGrande",108.03,96.3,112.18,3.04,0.00,3.88,78.4,11.03,5.20,5.16,5.20
"2015-05-18","RioClaro",7.67,56.1,13.67,3.61,1.63,4.15,87.1,2.06,4.00,3.93,4.00
"2015-05-19","Cantareira",193.66,19.7,982.07,16.20,1.72,37.90,42.7,98.40,13.69,13.39,15.41
"2015-05-19","AltoTiete",133.32,23.2,573.81,6.54,5.10,16.49,39.7,40.25,13.05,12.34,13.26
"2015-05-19","Guarapiranga",141.11,82.4,171.19,11.69,0.00,10.78,108.5,22.10,14.71,14.92,14.71
"2015-05-19","Cotia",11.31,68.6,16.50,1.16,0.06,1.27,91.7,2.18,0.76,0.80,0.82
"2015-05-19","RioGrande",108.03,96.3,112.18,5.25,0.00,3.88,135.2,11.03,5.25,5.16,5.25
"2015-05-19","RioClaro",7.68,56.2,13.67,3.56,1.03,4.15,85.9,2.06,4.00,3.93,4.00
"2015-05-20","Cantareira",193.72,19.7,982.07,15.22,1.27,37.90,40.2,98.40,12.65,13.35,13.92
"2015-05-20","AltoTiete",133.26,23.2,573.81,12.83,5.10,16.49,77.8,40.25,13.18,12.38,13.60
"2015-05-20","Guarapiranga",140.85,82.3,171.19,11.69,0.00,10.78,108.5,22.10,14.71,14.91,14.71
"2015-05-20","Cotia",11.31,68.6,16.50,0.82,0.06,1.27,64.3,2.18,0.76,0.80,0.82
"2015-05-20","RioGrande",107.66,96.0,112.18,0.64,0.00,3.88,16.4,11.03,4.95,5.15,4.95
"2015-05-20","RioClaro",7.72,56.5,13.67,3.83,1.03,4.15,92.4,2.06,4.00,3.94,4.00
"2015-05-21","Cantareira",193.62,19.7,982.07,13.45,1.12,37.90,35.5,98.40,13.66,13.36,14.78
"2015-05-21","AltoTiete",133.07,23.2,573.81,10.61,5.10,16.49,64.3,40.25,12.81,12.40,12.79
"2015-05-21","Guarapiranga",140.59,82.1,171.19,11.84,0.00,10.78,109.8,22.10,14.86,14.91,14.86
"2015-05-21","Cotia",11.28,68.4,16.50,0.52,0.06,1.27,41.3,2.18,0.81,0.80,0.87
"2015-05-21","RioGrande",107.47,95.8,112.18,2.96,0.00,3.88,76.3,11.03,5.11,5.15,5.11
"2015-05-21","RioClaro",7.73,56.6,13.67,3.43,1.51,4.15,82.8,2.06,4.00,3.94,4.00
"2015-05-22","Cantareira",193.44,19.7,982.07,13.34,1.42,37.90,35.2,98.40,13.88,13.39,15.30
"2015-05-22","AltoTiete",132.80,23.1,573.81,9.51,5.10,16.49,57.7,40.25,12.76,12.42,13.61
"2015-05-22","Guarapiranga",140.33,82.0,171.19,12.15,0.00,10.78,112.7,22.10,15.16,14.92,15.16
"2015-05-22","Cotia",11.28,68.4,16.50,0.92,0.06,1.27,72.8,2.18,0.87,0.80,0.92
"2015-05-22","RioGrande",107.29,95.6,112.18,2.96,0.00,3.88,76.3,11.03,5.11,5.15,5.11
"2015-05-22","RioClaro",7.74,56.7,13.67,3.35,1.10,4.15,80.6,2.06,3.99,3.94,3.99
"2015-05-23","Cantareira",193.03,19.7,982.07,10.94,1.59,37.90,28.9,98.40,13.49,13.39,15.08
"2015-05-23","AltoTiete",132.26,23.0,573.81,5.77,5.10,16.49,35.0,40.25,12.21,12.41,12.66
"2015-05-23","Guarapiranga",140.07,81.8,171.19,11.77,0.00,10.78,109.2,22.10,14.78,14.92,14.78
"2015-05-23","Cotia",11.25,68.2,16.50,0.58,0.06,1.27,45.4,2.18,0.87,0.81,0.92
"2015-05-23","RioGrande",106.92,95.3,112.18,0.89,0.00,3.88,23.0,11.03,5.19,5.15,5.19
"2015-05-23","RioClaro",7.76,56.8,13.67,3.35,0.72,4.15,80.6,2.06,3.98,3.94,3.98
"2015-05-24","Cantareira",192.68,19.6,982.07,10.92,1.95,37.90,28.8,98.40,13.54,13.40,15.49
"2015-05-24","AltoTiete",131.64,22.9,573.81,6.07,5.10,16.49,36.8,40.25,13.18,12.44,13.26
"2015-05-24","Guarapiranga",139.55,81.5,171.19,9.15,0.00,10.78,84.8,22.10,15.17,14.93,15.17
"2015-05-24","Cotia",11.25,68.2,16.50,0.92,0.06,1.27,72.3,2.18,0.86,0.81,0.92
"2015-05-24","RioGrande",106.73,95.1,112.18,2.99,0.00,3.88,76.9,11.03,5.13,5.15,5.13
"2015-05-24","RioClaro",7.77,56.9,13.67,3.26,1.18,4.15,78.4,2.06,3.99,3.94,3.99
"2015-05-25","Cantareira",192.36,19.6,982.07,11.37,2.02,37.90,30.0,98.40,12.44,13.36,14.46
"2015-05-25","AltoTiete",131.11,22.8,573.81,6.84,5.10,16.49,41.4,40.25,12.83,12.46,12.98
"2015-05-25","Guarapiranga",139.29,81.4,171.19,12.34,0.00,10.78,114.5,22.10,15.35,14.94,15.35
"2015-05-25","Cotia",11.25,68.2,16.50,0.92,0.06,1.27,72.5,2.18,0.86,0.81,0.92
"2015-05-25","RioGrande",106.55,95.0,112.18,3.06,0.00,3.88,78.9,11.03,5.20,5.15,5.20
"2015-05-25","RioClaro",7.74,56.7,13.67,3.38,1.12,4.15,81.6,2.06,3.98,3.95,3.98
"2015-05-26","Cantareira",191.96,19.5,982.07,11.62,2.02,37.90,30.7,98.40,13.83,13.38,15.85
"2015-05-26","AltoTiete",130.37,22.7,573.81,6.46,5.10,16.49,39.2,40.25,13.11,12.49,15.03
"2015-05-26","Guarapiranga",139.03,81.2,171.19,11.92,0.00,10.78,110.6,22.10,14.93,14.94,14.93
"2015-05-26","Cotia",11.22,68.0,16.50,0.57,0.06,1.27,45.1,2.18,0.86,0.81,0.92
"2015-05-26","RioGrande",106.18,94.6,112.18,0.90,0.00,3.88,23.2,11.03,5.18,5.15,5.18
"2015-05-26","RioClaro",7.73,56.6,13.67,3.34,1.12,4.15,80.6,2.06,3.99,3.95,3.99
"2015-05-27","Cantareira",191.59,19.5,982.07,11.70,2.02,37.90,30.9,98.40,13.71,13.39,15.73
"2015-05-27","AltoTiete",129.83,22.6,573.81,6.84,5.10,16.49,41.5,40.25,12.65,12.49,13.13
"2015-05-27","Guarapiranga",138.51,80.9,171.19,9.07,0.00,10.78,84.1,22.10,15.08,14.95,15.08
"2015-05-27","Cotia",11.22,68.0,16.50,0.92,0.06,1.27,72.2,2.18,0.86,0.81,0.92
"2015-05-27","RioGrande",105.99,94.5,112.18,2.99,0.00,3.88,77.1,11.03,5.13,5.15,5.13
"2015-05-27","RioClaro",7.72,56.5,13.67,3.36,1.27,4.15,80.8,2.06,3.99,3.95,3.99
"2015-05-28","Cantareira",191.18,19.5,982.07,11.38,2.02,37.90,30.0,98.40,13.71,13.40,15.73
"2015-05-28","AltoTiete",129.31,22.5,573.81,14.58,3.31,16.49,88.4,40.25,12.40,12.49,14.65
"2015-05-28","Guarapiranga",137.99,80.6,171.19,9.16,0.00,10.78,84.9,22.10,15.17,14.96,15.17
"2015-05-28","Cotia",11.22,68.0,16.50,0.92,0.06,1.27,72.2,2.18,0.86,0.82,0.92
"2015-05-28","RioGrande",105.63,94.2,112.18,0.87,0.00,3.88,22.3,11.03,5.13,5.15,5.13
"2015-05-28","RioClaro",7.69,56.3,13.67,3.17,0.79,4.15,76.3,2.06,3.99,3.95,3.99
"2015-05-29","Cantareira",191.33,19.5,982.07,16.89,2.02,37.90,44.6,98.40,12.90,13.37,14.92
"2015-05-29","AltoTiete",128.74,22.4,573.81,10.32,3.25,16.49,62.6,40.25,11.79,12.46,13.67
"2015-05-29","Guarapiranga",137.73,80.5,171.19,11.46,0.00,10.78,106.3,22.10,14.46,14.94,14.46
"2015-05-29","Cotia",11.16,67.7,16.50,0.27,0.06,1.27,21.1,2.18,0.90,0.82,0.96
"2015-05-29","RioGrande",105.63,94.2,112.18,4.86,0.00,3.88,125.2,11.03,4.86,5.14,4.86
"2015-05-29","RioClaro",7.69,56.3,13.67,3.67,0.79,4.15,88.3,2.06,3.66,3.94,3.66
"2015-05-30","Cantareira",191.43,19.5,982.07,15.86,1.63,37.90,41.8,98.40,13.05,13.36,14.68
"2015-05-30","AltoTiete",128.27,22.4,573.81,11.74,4.38,16.49,71.2,40.25,12.96,12.48,13.24
"2015-05-30","Guarapiranga",137.47,80.3,171.19,11.33,0.00,10.78,105.1,22.10,14.33,14.92,14.33
"2015-05-30","Cotia",11.10,67.3,16.50,0.24,0.06,1.27,18.7,2.18,0.87,0.82,0.93
"2015-05-30","RioGrande",105.26,93.8,112.18,0.91,0.00,3.88,23.4,11.03,5.16,5.14,5.16
"2015-05-30","RioClaro",7.69,56.3,13.67,3.12,1.07,4.15,75.1,2.06,3.97,3.94,3.97
"2015-05-31","Cantareira",192.31,19.6,982.07,26.21,1.52,37.90,69.2,98.40,14.05,13.39,15.57
"2015-05-31","AltoTiete",128.18,22.3,573.81,14.78,4.38,16.49,89.6,40.25,12.26,12.47,12.64
"2015-05-31","Guarapiranga",137.21,80.2,171.19,12.14,0.00,10.78,112.6,22.10,15.14,14.93,15.14
"2015-05-31","Cotia",11.13,67.5,16.50,1.24,0.06,1.27,97.5,2.18,0.84,0.82,0.89
"2015-05-31","RioGrande",105.07,93.7,112.18,2.83,0.00,3.88,73.0,11.03,4.96,5.14,4.96
"2015-05-31","RioClaro",7.71,56.4,13.67,3.16,0.53,4.15,76.3,2.06,3.21,3.92,3.21
